accession,host
AF067641,bentgrass
AF308622,Phaseolus vulgaris aboragineus
AF308621,Phaseolus vulgaris aboragineus
AF308623,Phaseolus vulgaris cv. PC-50
AF308626,Phaseolus vulgaris cv. PC-50
AF308627,Phaseolus vulgaris cv. Dorado
AF308628,Phaseolus vulgaris cv. Barilles
AF308629,Phaseolus vulgaris cv. Arroyo Loroo
AF308631,Phaseolus vulgaris
AF354114,soybean
AF354115,soybean
AY241672,Fagus sylvatica
AY241673,Fagus sylvatica
AY241674,Fagus sylvatica
AY545999,couch grass
DQ355130,potato
DQ355131,potato
DQ355132,potato
DQ355133,potato
DQ355134,potato
DQ355135,potato
DQ355137,potato
DQ355139,potato
DQ452098,Phaseolus vulgaris aborigineus
DQ452099,Phaseolus vulgaris cv. unknown
DQ452100,Phaseolus vulgaris cv. Cargamanto
DQ452101,Phaseolus vulgaris cv. Blanco Panamito
DQ452102,Phaseolus vulgaris cv. Cargamanto
DQ452103,Phaseolus vulgaris cv. Cargamanto
DQ452104,Phaseolus vulgaris aborigineus
DQ452105,Phaseolus vulgaris aborigineus
DQ452106,Phaseolus vulgaris aborigineus
DQ452107,Phaseolus vulgaris aborigineus
DQ452108,Phaseolus vulgaris cv. Dorado
DQ452109,Phaseolus vulgaris cv. Pompadour
DQ452110,Phaseolus vulgaris cv. Pompadour
DQ452111,Phaseolus vulgaris cv. Jima
DQ452112,Phaseolus vulgaris cv. Jima
DQ452113,Phaseolus vulgaris cv. Jima
DQ452114,Phaseolus vulgaris cv. Jima
DQ452115,Phaseolus vulgaris cv. PC-50
DQ452116,Phaseolus vulgaris cv. Jima
DQ452117,Phaseolus vulgaris aborigineus
DQ452118,Phaseolus vulgaris aborigineus
DQ452119,Phaseolus vulgaris cv. PC-50
DQ452120,Phaseolus vulgaris cv. PC-50
DQ452121,Phaseolus vulgaris cv. PC-50
DQ452122,Phaseolus vulgaris cv. MUS 181
DQ452123,Phaseolus vulgaris cv. PC-50
DQ452124,Phaseolus vulgaris cv. PC-50
DQ452125,Phaseolus vulgaris cv. PC-50
DQ452126,Phaseolus vulgaris cv. PC-50
DQ452127,Phaseolus vulgaris cv. MUS 181
DQ452128,Phaseolus vulgaris cv. MUS 181
DQ452129,Phaseolus vulgaris cv. PC-50
DQ452130,Phaseolus vulgaris cv. PC-50
DQ452131,Phaseolus vulgaris cv. PC-50
EF017212,Solanum tuberosum
EU152868,rice
EU152870,rice
EU152871,rice
EU152872,rice
EU152873,rice
EU152874,rice
EU513130,cauliflower
EU513131,cauliflower
EU513132,cauliflower
EU513133,cauliflower
EU513134,cauliflower
EU513135,cauliflower
EU513136,cauliflower
EU513137,cauliflower
EU513138,cauliflower
EU513139,cauliflower
EU513140,cauliflower
EU513141,cauliflower
EU513142,cauliflower
EU513143,cauliflower
EU513144,cauliflower
EU513145,cauliflower
EU513146,cauliflower
EU513147,cauliflower
EU513148,cauliflower
EU513149,cauliflower
EU513150,cauliflower
EU513151,cauliflower
EU513152,cauliflower
EU513153,cauliflower
EU513154,cauliflower
EU513155,cauliflower
EU513156,cauliflower
EU513157,cauliflower
EU513158,cauliflower
EU513159,cauliflower
EU513160,cauliflower
EU513161,cauliflower
EU730789,lupin
EU730790,lupin
EU730791,lupin
EU730792,lupin
EU730793,lupin
EU730794,lupin
EU730795,lupin
EU730796,lupin
EU730797,lupin
EU730798,lupin
EU730799,lupin
EU730802,lupin
EU730803,lupin
EU730804,lupin
EU730805,lupin
EU730806,lupin
EU730807,lupin
EU730808,lupin
EU730809,lupin
EU730810,lupin
EU730811,lupin
EU730812,lupin
EU730813,lupin
EU730815,lupin
EU730816,lupin
EU730817,lupin
EU730818,lupin
EU730819,lupin
EU730820,field pea
EU730821,field pea
EU730822,chinese milkvetch
EU730823,chinese milkvetch
EU730824,echinacea
EU730825,echinacea
EU730826,Alstroemeria
EU730827,pea
EU730828,pea
EU730829,dill
EU730830,dill
EU730831,bean
EU730834,cauliflower
EU730835,cauliflower
EU730836,chickpea
EU730837,lupin
EU730838,lupin
EU730839,lupin
EU730840,lupin
EU730841,lupin
EU730842,lupin
EU730843,lupin
EU730844,lupin
EU730845,lupin
EU730846,lupin
EU730847,lupin
EU730848,lupin
EU730849,lupin
EU730850,lupin
EU730851,lupin
EU730853,lupin
EU730854,lupin
EU730855,lupin
EU730856,lupin
EU730857,lupin
EU730858,lupin
EU730861,lupin
EU730863,lupin
EU730864,lupin
EU730866,lupin
EU730867,lupin
EU730868,lupin
FJ480862,Gossypium hirsutum
FJ480863,Gossypium hirsutum
FJ480864,Gossypium hirsutum
FJ480865,Gossypium hirsutum
FJ480866,Gossypium hirsutum
FJ480867,Gossypium hirsutum
FJ480868,Gossypium hirsutum
FJ480869,Gossypium hirsutum
FJ480870,Gossypium hirsutum
FJ480871,Gossypium hirsutum
FJ480872,Gossypium hirsutum
FJ480873,Gossypium hirsutum
FJ480874,Gossypium hirsutum
FJ480875,Gossypium hirsutum
FJ480876,Gossypium hirsutum
FJ480877,Gossypium hirsutum
FJ480878,Gossypium hirsutum
FJ480879,Gossypium hirsutum
FJ480880,Gossypium hirsutum
FJ480881,Gossypium hirsutum
FJ480882,Gossypium hirsutum
FJ480883,Gossypium hirsutum
FJ480884,Gossypium hirsutum
FJ480885,Gossypium hirsutum
FJ480886,Gossypium hirsutum
FJ480887,Gossypium hirsutum
FJ480888,Gossypium hirsutum
FJ480889,Gossypium hirsutum
FJ480890,Gossypium hirsutum
FJ480898,Nicotiana tabacum
FJ480899,Nicotiana tabacum
FJ480900,Nicotiana tabacum
FJ480901,Nicotiana tabacum
FJ480902,Nicotiana tabacum
FJ480903,Nicotiana tabacum
FJ480904,Nicotiana tabacum
FJ480905,Nicotiana tabacum
FJ480906,Nicotiana tabacum
FJ480907,Nicotiana tabacum
FJ480908,Nicotiana tabacum
FJ480909,Nicotiana tabacum
FJ480910,Nicotiana tabacum
FJ480911,Nicotiana tabacum
FJ480912,Nicotiana tabacum
FJ480913,Nicotiana tabacum
FJ480914,Nicotiana tabacum
FJ480915,Nicotiana tabacum
FJ480916,Nicotiana tabacum
FJ480917,Nicotiana tabacum
FJ480918,Nicotiana tabacum
FJ480919,Nicotiana tabacum
FJ480920,Nicotiana tabacum
FJ480921,Nicotiana tabacum
FJ480922,Nicotiana tabacum
FJ480923,Nicotiana tabacum
FJ480924,Nicotiana tabacum
FJ480925,Nicotiana tabacum
FJ480926,Nicotiana tabacum
FJ480927,Nicotiana tabacum
FJ480928,Nicotiana tabacum
FJ480929,Nicotiana tabacum
FJ480930,Nicotiana tabacum
FJ480931,Nicotiana tabacum
FJ492060,Beta vulgaris
FJ492061,Beta vulgaris
FJ492062,Beta vulgaris
FJ492063,Beta vulgaris
FJ492064,Beta vulgaris
FJ492065,Beta vulgaris
FJ492066,Beta vulgaris
FJ492067,Beta vulgaris
FJ492069,Beta vulgaris
FJ492070,Beta vulgaris
FJ492071,Beta vulgaris
FJ492072,Beta vulgaris
FJ492076,Beta vulgaris
FJ492078,Beta vulgaris
FJ492079,Beta vulgaris
FJ492080,Beta vulgaris
FJ492081,Beta vulgaris
FJ492082,Beta vulgaris
FJ492084,Beta vulgaris
FJ492085,Beta vulgaris
FJ492086,Beta vulgaris
FJ492088,Beta vulgaris
FJ492090,Beta vulgaris
FJ492091,Beta vulgaris
FJ492092,Beta vulgaris
FJ492094,Beta vulgaris
FJ492096,Beta vulgaris
FJ492111,Beta vulgaris
FJ492112,Beta vulgaris
FJ492114,Beta vulgaris
FJ492115,Beta vulgaris
FJ492116,Beta vulgaris
FJ492117,Beta vulgaris
FJ492118,Beta vulgaris
FJ492119,Beta vulgaris
FJ492120,Beta vulgaris
FJ492121,Beta vulgaris
FJ492125,Beta vulgaris
FJ492127,Beta vulgaris
FJ492128,Beta vulgaris
FJ492129,Beta vulgaris
FJ492130,Beta vulgaris
FJ492132,Beta vulgaris
FJ492134,Beta vulgaris
FJ492135,Beta vulgaris
FJ492140,Beta vulgaris
FJ492143,Beta vulgaris
FJ492147,Beta vulgaris
FJ492149,Beta vulgaris
FJ492159,Beta vulgaris
FJ435094,potato
GQ118174,Oryza sativa
GQ118175,Oryza sativa
GQ118176,Oryza sativa
GQ118177,Oryza sativa
GQ118178,Oryza sativa
GQ118179,Oryza sativa
GQ118180,Oryza sativa
GQ118181,Oryza sativa
GQ118182,Oryza sativa
GQ118183,Oryza sativa
GQ118184,Oryza sativa
GQ118185,Oryza sativa
GQ118186,Oryza sativa
GQ118187,Oryza sativa
GQ118188,Oryza sativa
GQ118189,Oryza sativa
GQ118190,Oryza sativa
GQ118191,Oryza sativa
GQ118192,Oryza sativa
GQ118193,Oryza sativa
GQ118194,Oryza sativa
GQ118199,Oryza sativa
GQ118200,Oryza sativa
GQ118201,Oryza sativa
GQ118202,Oryza sativa
GQ118203,Oryza sativa
GQ118204,Oryza sativa
GQ118205,Oryza sativa
GQ118206,Oryza sativa
GQ118207,Oryza sativa
GQ118208,Oryza sativa
GQ118209,Oryza sativa
GQ118210,Oryza sativa
GQ118211,Oryza sativa
GQ118212,Oryza sativa
GQ118213,Oryza sativa
GQ118214,Oryza sativa
GQ118215,Oryza sativa
GQ118216,Oryza sativa
GQ118217,Oryza sativa
GQ118218,Oryza sativa
GQ118219,Oryza sativa
GQ118220,Oryza sativa
GQ118221,Oryza sativa
GQ118222,Oryza sativa
GQ118223,Oryza sativa
GQ118224,Oryza sativa
GQ118225,Oryza sativa
GQ118226,Oryza sativa
GQ118227,Oryza sativa
GQ118228,Oryza sativa
FJ492075,Beta vulgaris
FJ492083,Beta vulgaris
FJ492087,Beta vulgaris
FJ492089,Beta vulgaris
FJ492093,Beta vulgaris
FJ492095,Beta vulgaris
FJ492113,Beta vulgaris
FJ492122,Beta vulgaris
FJ492123,Beta vulgaris
FJ492124,Beta vulgaris
FJ492131,Beta vulgaris
FJ492133,Beta vulgaris
FJ492136,Beta vulgaris
FJ492137,Beta vulgaris
FJ492138,Beta vulgaris
FJ492139,Beta vulgaris
FJ492141,Beta vulgaris
FJ492142,Beta vulgaris
FJ492144,Beta vulgaris
FJ492145,Beta vulgaris
FJ492146,Beta vulgaris
FJ492148,Beta vulgaris
FJ492150,Beta vulgaris
FJ492151,Beta vulgaris
FJ492152,Beta vulgaris
FJ492153,Beta vulgaris
FJ492154,Beta vulgaris
FJ492155,Beta vulgaris
FJ492156,Beta vulgaris
FJ492157,Beta vulgaris
FJ492160,Beta vulgaris
FJ492161,Beta vulgaris
FJ492162,Beta vulgaris
FJ492163,Beta vulgaris
FJ492164,Beta vulgaris
FJ492165,Beta vulgaris
GU811660,Beta vulgaris
GU811661,Beta vulgaris
GU811662,Beta vulgaris
GU811663,Beta vulgaris
GU811664,Beta vulgaris
GU811665,Beta vulgaris
GU811666,Beta vulgaris
GU811667,Beta vulgaris
GU811668,Beta vulgaris
GU811669,Beta vulgaris
GU811670,Beta vulgaris
GU811671,Beta vulgaris
GU811672,Beta vulgaris
GU811673,Beta vulgaris
GU811674,Beta vulgaris
GU811675,Beta vulgaris
GU811676,Beta vulgaris
GU811677,Beta vulgaris
GU811678,Beta vulgaris
GU811679,Beta vulgaris
GU811680,Beta vulgaris
GU811681,Beta vulgaris
GU811682,Beta vulgaris
GU811683,Beta vulgaris
GU811684,Beta vulgaris
GU811685,Beta vulgaris
GU811686,Beta vulgaris
GU811687,Beta vulgaris
GU811688,Beta vulgaris
GU811689,Beta vulgaris
GU206548,rice
HM597131,Paspalum vaginatum
HM597132,seashore paspalum
HQ241274,Nicotiana tabacum L. (wrapper tobacco)
HQ404661,azalea; cultivar Gumpo
HQ404662,azalea; cultivar Gumpo
JN034675,Rosmarinus officinalis
JN254787,Mentha longifolia L.
JN254788,Mentha longifolia L.
JN545836,Basella rubra
JN983494,tobacco
JN983495,tobacco
JN983496,tobacco
JN983497,tobacco
JN983498,tobacco
JQ675535,Basella alba
JQ675536,Mucuna pruriens
JQ616849,Nicotiana tabacum
JQ616852,Nicotiana tabacum
JQ616853,Nicotiana tabacum
JQ616855,Nicotiana tabacum
JQ616856,Nicotiana tabacum
JQ616857,Nicotiana tabacum
JQ616858,Sorghum sp.
JQ616859,Nicotiana tabacum
JQ616860,Nicotiana tabacum
JQ616861,Arachis hypogaea
JQ616862,Nicotiana tabacum
JQ616863,Cicer arietinum
JQ616864,Nicotiana tabacum
JQ616865,Nicotiana tabacum
JQ616866,Nicotiana tabacum
JQ616867,Nicotiana tabacum
JQ616869,Nicotiana tabacum
JQ616870,Nicotiana tabacum
JQ616871,Nicotiana tabacum
JQ616872,Nicotiana tabacum
JQ616874,Nicotiana tabacum
JQ812797,potato
JQ812798,potato
JQ812799,potato
JQ812800,potato
JQ812801,potato
JQ812802,potato
JQ812803,potato
JQ812804,potato
JQ812805,potato
JQ812806,potato
JQ311915,Khaya senegalensis
JX294316,Phaseolus vulgaris
JX294318,Phaseolus vulgaris
JX294319,Phaseolus vulgaris
JX294321,Phaseolus vulgaris
JX294323,Phaseolus vulgaris
JX294327,Phaseolus vulgaris
JX294328,Phaseolus vulgaris
JX294329,Phaseolus vulgaris
JX294332,Phaseolus vulgaris
JX294333,Phaseolus vulgaris
JX294334,Phaseolus vulgaris
JX294335,Phaseolus vulgaris
JX294338,Phaseolus vulgaris
JX294340,Phaseolus vulgaris
JX294341,Phaseolus vulgaris
JX294343,Phaseolus vulgaris
JX294344,Phaseolus vulgaris
JX294346,Phaseolus vulgaris
JX294347,Phaseolus vulgaris
JX294348,Phaseolus vulgaris
JQ946291,potato
JQ946292,potato
JQ946293,potato
JQ946294,potato
JQ946295,potato
JQ946296,potato
JX631156,Festuca arundinacea (tall fescue)
JX631157,Festuca arundinacea (tall fescue)
JX631158,Festuca arundinacea (tall fescue)
JX631159,Festuca arundinacea (tall fescue)
JX631160,Festuca arundinacea (tall fescue)
JX631161,Festuca arundinacea (tall fescue)
JX631162,Festuca arundinacea (tall fescue)
JX631163,Festuca arundinacea (tall fescue)
JX631164,Festuca arundinacea (tall fescue)
JX631165,Festuca arundinacea (tall fescue)
JX631166,Festuca arundinacea (tall fescue)
JX631167,Festuca arundinacea (tall fescue)
JX631168,Festuca arundinacea (tall fescue)
JX631169,Festuca arundinacea (tall fescue)
JX631170,Festuca arundinacea (tall fescue)
JX631171,Festuca arundinacea (tall fescue)
JX631172,Festuca arundinacea (tall fescue)
JX631173,Festuca arundinacea (tall fescue)
JX631174,Festuca arundinacea (tall fescue)
JX631175,Festuca arundinacea (tall fescue)
JX631176,Festuca arundinacea (tall fescue)
JX631177,Festuca arundinacea (tall fescue)
JX631178,Festuca arundinacea (tall fescue)
JX631179,Festuca arundinacea (tall fescue)
JX631180,creeping bentgrass/annual bluegrass
JX631181,creeping bentgrass/annual bluegrass
JX631182,creeping bentgrass/annual bluegrass
JX631183,Festuca arundinacea (tall fescue)
JX631184,Festuca arundinacea (tall fescue)
JX631185,creeping bentgrass/annual bluegrass
JX631186,creeping bentgrass/annual bluegrass
JX631187,Festuca arundinacea (tall fescue)
JX631188,Festuca arundinacea (tall fescue)
JX631189,Festuca arundinacea (tall fescue)
JX631190,Festuca arundinacea (tall fescue)
JX631191,Festuca arundinacea (tall fescue)
JX631192,Festuca arundinacea (tall fescue)
JX631193,Festuca arundinacea (tall fescue)
JX631194,Festuca arundinacea (tall fescue)
JX631195,Festuca arundinacea (tall fescue)
JX631196,Festuca arundinacea (tall fescue)
JX631197,Festuca arundinacea (tall fescue)
JX631198,Festuca arundinacea (tall fescue)
JX631199,creeping bentgrass/annual bluegrass
JX631200,Festuca arundinacea (tall fescue)
JX631201,creeping bentgrass/annual bluegrass
JX631202,Festuca arundinacea (tall fescue)
JX631203,Festuca arundinacea (tall fescue)
JX631204,Festuca arundinacea (tall fescue)
JX913809,Dioscorea batatas
JX913810,Dioscorea batatas
JX913811,Dioscorea batatas
JX913812,Dioscorea batatas
JX913813,Dioscorea batatas
JX913814,Dioscorea batatas
JX913815,Dioscorea batatas
JX913816,Dioscorea batatas
KC005724,Rosmarinus officinalis
JX161869,Solanum tuberosum
JX161870,Solanum tuberosum
JX161871,Solanum tuberosum
JX161872,Solanum tuberosum
JX161873,Solanum tuberosum
JX161874,Solanum tuberosum
JX161875,Solanum tuberosum
JX161876,Solanum tuberosum
JX161877,Solanum tuberosum
JX161878,Solanum tuberosum
JX161879,Solanum tuberosum
JX161880,Solanum tuberosum
JX161881,Solanum tuberosum
JX161882,Solanum tuberosum
JX161883,Solanum tuberosum
JX161884,Solanum tuberosum
JX161885,Solanum tuberosum
JX161886,Solanum tuberosum
JX161887,Solanum tuberosum
JX161888,Solanum tuberosum
JX161896,Solanum tuberosum
JX161897,Solanum tuberosum
JX161898,Solanum tuberosum
JX161899,Solanum tuberosum
JX161900,Solanum tuberosum
JX161901,Solanum tuberosum
JX161902,Solanum tuberosum
JX161903,Solanum tuberosum
JX161904,Solanum tuberosum
JX161905,Solanum tuberosum
JX161906,Solanum tuberosum
JX161907,Solanum tuberosum
JX161908,Solanum tuberosum
JX161909,Solanum tuberosum
JX161910,Solanum tuberosum
JX161911,Solanum tuberosum
JX161912,Solanum tuberosum
JX161913,Solanum tuberosum
JX161914,Solanum tuberosum
JX161915,Solanum tuberosum
JX161916,Solanum tuberosum
JX161917,Solanum tuberosum
JX161918,Solanum tuberosum
JX161919,Solanum tuberosum
JX161920,Solanum tuberosum
JX161921,Solanum tuberosum
JX161922,Solanum tuberosum
JX161923,Solanum tuberosum
JX161924,Solanum tuberosum
JX161925,Solanum tuberosum
JX161926,Solanum tuberosum
JX161927,Solanum tuberosum
JX161928,Solanum tuberosum
JX161929,Solanum tuberosum
JX161930,Solanum tuberosum
JX161931,Solanum tuberosum
JX161932,Solanum tuberosum
JX161933,Solanum tuberosum
JX161934,Solanum tuberosum
JX161935,Solanum tuberosum
JX161936,Solanum tuberosum
JX161937,Solanum tuberosum
JX161938,Solanum tuberosum
JX161939,Solanum tuberosum
JX161940,Solanum tuberosum
JX161941,Solanum tuberosum
JX161942,Solanum tuberosum
JX161943,Solanum tuberosum
JX161944,Solanum tuberosum
JX161945,Solanum tuberosum
JX161946,Solanum tuberosum
JX161947,Solanum tuberosum
JX161948,Solanum tuberosum
JX161949,Solanum tuberosum
JX161950,Solanum tuberosum
JX161951,Solanum tuberosum
JX161952,Solanum tuberosum
JX161953,Solanum tuberosum
JX161954,Solanum tuberosum
JX161955,Solanum tuberosum
JX161956,Solanum tuberosum
JX161957,Solanum tuberosum
JX161958,Solanum tuberosum
JX161959,Solanum tuberosum
JX161960,Solanum tuberosum
JX161961,Solanum tuberosum
JX161962,Solanum tuberosum
JX161963,Solanum tuberosum
JX161964,Solanum tuberosum
JX161965,Solanum tuberosum
JX161966,Solanum tuberosum
JX161967,Solanum tuberosum
JX161968,Solanum tuberosum
JX161969,Solanum tuberosum
JX161970,Solanum tuberosum
JX161971,Solanum tuberosum
JX161972,Solanum tuberosum
JX161973,Solanum tuberosum
JX161974,Solanum tuberosum
JX161975,Solanum tuberosum
JX161976,Solanum tuberosum
JX161977,Solanum tuberosum
JX161978,Solanum tuberosum
JX161979,Solanum tuberosum
JX161980,Solanum tuberosum
JX161981,Solanum tuberosum
JX161982,Solanum tuberosum
JX161983,Solanum tuberosum
JX161984,Solanum tuberosum
JX161985,Solanum tuberosum
JX161986,Solanum tuberosum
JX161987,Solanum tuberosum
JX161988,Solanum tuberosum
JX161989,Solanum tuberosum
JX161990,Solanum tuberosum
JX161991,Solanum tuberosum
JX161992,Solanum tuberosum
JX161993,Solanum tuberosum
JX161994,Solanum tuberosum
JX161995,Solanum tuberosum
JX161996,Solanum tuberosum
JX161997,Solanum tuberosum
JX161998,Solanum tuberosum
JX161999,Solanum tuberosum
JX162000,Solanum tuberosum
JX162001,Solanum tuberosum
JX162002,Solanum tuberosum
JX162003,Solanum tuberosum
JX162004,Solanum tuberosum
JX162005,Solanum tuberosum
JX162006,Solanum tuberosum
JX162007,Solanum tuberosum
JX162008,Solanum tuberosum
JX162009,Solanum tuberosum
JX162010,Solanum tuberosum
JX162011,Solanum tuberosum
JX162013,Solanum tuberosum
JX843818,potato
JX843819,potato
JX843820,potato
KC413984,sugar beet
KC413985,sugar beet
KC413986,sugar beet
KC405625,Vigna angularis
KC405626,Vigna angularis
KC405627,Vigna angularis
KC405628,Vigna angularis
KC493638,Origanum vulgare
KF372647,tomato
KF372648,tomato
KF372649,tomato
KF372650,tomato
KF372658,eggplant
KF372659,eggplant
KC887353,Rumex acetosa
KC788506,Tradescantia fluminensis
KF907702,Brassica parachinensis
KF907703,Brassica parachinensis
KF907704,Brassica parachinensis
KF907705,Brassica parachinensis
KF907706,Brassica juncea
KF907707,Brassica chinensis
KF907708,Brassica chinensis
KF907709,Brassica chinensis
KF907710,Brassica chinensis
KF907711,Brassica chinensis
KF907712,Brassica oleracea
KF907713,Brassica oleracea
KF907714,Brassica oleracea
KF907715,Brassica oleracea
KF907716,Brassica oleracea
KF907717,Brassica oleracea
KF907718,Brassica oleracea
KF907719,Brassica oleracea
KF907720,Brassica parachinensis
KF907721,Brassica parachinensis
KF907722,Brassica parachinensis
KF907723,Brassica parachinensis
KF907724,Brassica parachinensis
KF907725,Brassica juncea
KF907726,Brassica parachinensis
KF907727,Brassica oleracea
KF907728,Brassica oleracea
KF907729,Brassica oleracea
KF907730,Brassica parachinensis
KF907731,Brassica chinensis
KF907732,Brassica chinensis
KF907733,Brassica oleracea
KF870886,canola
KF870887,canola
KF870888,canola
KF870889,canola
KF870890,canola
KF870891,pea
KF870892,wheat
KF870893,wheat
KF870894,wheat
KF870895,canola
KF870896,wheat
KF870897,wheat
KF870898,wheat
KF870899,wheat
KF870900,wheat
KF870901,canola
KF870902,canola
KF870903,canola
KF870904,canola
KF870905,canola
KF870906,canola
KF870907,canola
KF870908,canola
KF870909,canola
KF870910,wheat
KF870911,wheat
KF870912,wheat
KF870913,wheat
KF870914,wheat
KF870915,wheat
KF870916,canola
KF870917,canola
KF870918,wheat
KF870919,wheat
KF870920,canola
KF870921,canola
KF870922,canola
KF870923,canola
KF870924,canola
KF870925,canola
KF870926,wheat
KF870927,wheat
KF870928,wheat
KF870929,wheat
KF870930,wheat
KF870931,wheat
KF870932,wheat
KF870933,wheat
KF870934,wheat
KF870935,wheat
KF870936,wheat
KF870937,wheat
KF870938,wheat
KF870939,wheat
KF870941,wheat
KF870942,wheat
KF870943,wheat
KF870944,wheat
KF870945,wheat
KF870946,wheat
KF870947,wheat
KF870948,wheat
KF870949,wheat
KF870950,wheat
KF870951,wheat
KF870952,wheat
KF870953,canola
KF870954,canola
KF870955,canola
KF870956,canola
KF870957,canola
KF870958,canola
KF870959,canola
KF870960,canola
KF870961,canola
KF870962,canola
KF870963,canola
KF870964,canola
KF870965,canola
KF870966,canola
KF870967,canola
KF870968,canola
KF870969,canola
KF870970,canola
KF870971,canola
KF870972,canola
KF870973,canola
KF870974,canola
KF870975,canola
KF870976,wheat
KF870977,wheat
KF870978,wheat
KF870979,wheat
KF870980,wheat
KF870981,wheat
KF870982,wheat
KF870983,wheat
KF870984,wheat
KF870985,wheat
KF870986,wheat
KF870987,wheat
KF870988,canola
KF870989,canola
KF870990,canola
KF870991,canola
KF870992,canola
KF870993,canola
KF870994,canola
KF870995,canola
KF870996,canola
KF870997,canola
KJ545577,Lepidium draba
KJ652221,Cucurbita argyrosperma (calabaza pipiana)
KM013470,Brassica oleracea
KM013471,Brassica oleracea
KM596899,Lychnis coronaria
KM283226,Oryza sativa cultivar MR219 (rice)
KM283227,Oryza sativa cultivar MR219 (rice)
KM283228,Oryza sativa cultivar MR219 (rice)
KM283230,Oryza sativa cultivar MR219 (rice)
KM283231,Oryza sativa cultivar MR219 (rice)
KM283232,Oryza sativa cultivar MR219 (rice)
KM283233,Oryza sativa cultivar MR219 (rice)
KM283234,Oryza sativa cultivar MR219 (rice)
KF959669,maize
KF959670,maize
KF959671,maize
KF959672,maize
KF959673,maize
KF959674,maize
KF959675,maize
KF959676,maize
KF959678,rice
KF959679,rice
KF959680,rice
KF959681,rice
KF959682,rice
KF959683,maize
KF959684,maize
KF959685,maize
KF959686,maize
KF959687,maize
KF959688,maize
KF959689,maize
KF959690,maize
KF959691,maize
KF959692,maize
KF959693,maize
KF959694,rice
KF959695,rice
KF959696,rice
KF959697,rice
KF959698,rice
KF959699,rice
KF959700,rice
KF959701,rice
KF959702,rice
KF959703,rice
KF959704,rice
KF959705,rice
KF959706,rice
KF959707,maize
KF959708,maize
KF959709,maize
KF959710,rice
KF959711,rice
KF959712,rice
KF959713,rice
KF959714,rice
KF959715,rice
KF959716,maize
KF959717,rice
KF959718,maize
KF959719,rice
KF959720,rice
KF959721,rice
KF959722,rice
KF959723,maize
KF959724,rice
KF959725,rice
KF959726,rice
KF959727,rice
KF959728,rice
KF959729,maize
KF959730,maize
KM659188,Brassica rapa L. subsp. oleifera (turnip rape)
KM659189,Brassica rapa L. subsp. oleifera (turnip rape)
KM659190,Brassica rapa L. subsp. oleifera (turnip rape)
KM659191,Brassica rapa L. subsp. oleifera (turnip rape)
KM659192,Brassica rapa L. subsp. oleifera (turnip rape)
KM659193,Brassica rapa L. subsp. oleifera (turnip rape)
KM659194,Brassica rapa L. subsp. oleifera (turnip rape)
KM659195,Brassica rapa L. subsp. oleifera (turnip rape)
KM659196,Brassica rapa L. subsp. oleifera (turnip rape)
KM659197,Brassica rapa L. subsp. oleifera (turnip rape)
KM659198,Brassica rapa L. subsp. oleifera (turnip rape)
KP689200,Huperzia serrata (rare medical plant)
KP059879,Erythrina indica var. picta
KP013069,potato
KP013070,potato
KP013071,potato
KP013072,potato
KP662690,sugar beet
KP662691,sugar beet
KP662692,sugar beet
KP662693,sugar beet
KP202862,Rosmarinus officinalis (rosemary)
KP296705,buckwheat
KP171634,Eichhornia crassipes
KP411232,Schisandra chinensis
KP411233,Schisandra chinensis
KP411234,Schisandra chinensis
KP411235,Schisandra chinensis
KP736196,Phaseolus vulgaris
KP736197,Phaseolus vulgaris
KR005947,potato
KR005948,potato
KR005949,potato
KR005950,potato
KR005951,potato
KR005952,potato
KR005953,potato
KR005954,potato
KR005955,potato
KR005956,potato
KR005957,potato
KR005958,potato
KR005959,potato
KR005960,potato
KR005961,potato
KR005962,potato
KR005963,potato
KR005964,potato
KR005965,potato
KR005966,potato
KR005967,potato
KR005968,potato
KR005969,potato
KR005970,potato
KR005971,potato
KR005972,potato
KR005973,potato
KR005974,potato
KR005975,potato
KR005976,potato
KR005977,potato
KR005978,potato
KR005979,potato
KR005980,potato
KR005981,potato
KR005982,potato
KR005983,potato
KR005984,potato
KR005985,potato
KR005986,potato
KR005987,potato
KR005988,potato
KR005989,potato
KR005990,potato
KR005991,potato
KR005992,potato
KR005993,potato
KR005994,potato
KR005995,potato
KR005996,potato
KR005997,potato
KR005998,potato
KR005999,potato
KR006000,potato
KR006001,potato
KR006002,potato
KR006003,potato
KR006004,potato
KR006005,potato
KR006006,potato
KR006007,potato
KR006008,potato
KR006009,potato
KR006010,potato
KR006011,potato
KR006012,potato
KR006013,potato
KR006014,potato
KR006015,potato
KR006016,potato
KR006017,potato
KR006018,potato
KR006019,potato
KR006020,potato
KR006021,potato
KR006022,potato
KR006023,potato
KR006024,potato
KR006025,potato
KR006026,potato
KR006027,potato
KR006028,potato
KR006029,potato
KR006030,potato
KR006031,potato
KR006032,potato
KR006033,potato
KR006034,potato
KR006035,potato
KR006036,potato
KR006037,potato
KR006038,potato
KR006039,potato
KR006040,potato
KR006041,potato
KR006042,potato
KR006043,potato
KR006044,potato
KR006045,potato
KR006046,potato
KR006047,potato
KR006048,potato
KR006049,potato
KR006050,potato
KR006051,potato
KR006052,potato
KR006053,potato
KR006054,potato
KR006055,potato
KR006056,potato
KR006057,potato
KR006058,potato
KR006059,potato
KR006060,potato
KR006061,potato
KR006062,potato
KR006063,potato
KR006064,potato
KR006065,potato
KR006066,potato
KR006067,potato
KR006068,potato
KR006069,potato
KR006070,potato
KR006071,potato
KR006072,potato
KR006073,potato
KR006074,potato
KR006075,potato
KR006076,potato
KR006077,potato
KR006078,potato
KR006079,potato
KR006080,potato
KR006081,potato
KR006082,potato
KR006083,potato
KR006084,potato
KR006085,potato
KR006086,potato
KR006087,potato
KR006088,potato
KR006089,potato
KR006090,potato
KR006091,potato
KR006092,potato
KR006093,potato
KR006094,potato
KR006095,potato
KR006096,potato
KR006097,potato
KR006098,potato
KR006099,potato
KR006100,potato
KR006101,potato
KR006102,potato
KR006103,potato
KR006104,potato
KR006105,potato
KR006106,potato
KR006107,potato
KR006108,potato
KR006109,potato
KR006110,potato
KR006111,potato
KR006112,potato
KR006113,potato
KR006114,potato
KR006115,potato
KR006116,potato
KR006117,potato
KR006118,potato
KR006119,potato
KR006120,potato
KR006121,potato
KR006122,potato
KR006123,potato
KR006124,potato
KR006125,potato
KR006126,potato
KR006127,potato
KR006128,potato
KR006129,potato
KR006130,potato
KR006131,potato
KR006132,potato
KR006133,potato
KR006134,potato
KR006135,potato
KR006136,potato
KR006137,potato
KR006138,potato
KR006139,potato
KR006140,potato
KR006141,potato
KR006142,potato
KR006143,potato
KR006144,potato
KR006145,potato
KR006146,potato
KR006147,potato
KR006148,potato
KR006149,potato
KR006150,potato
KR006151,potato
KR006152,potato
KR006153,potato
KR006154,potato
KR006155,potato
KR006156,potato
KR006157,potato
KR006158,potato
KR006159,potato
KR006160,potato
KR006161,potato
KR006162,potato
KR006163,potato
KR006164,potato
KR006165,potato
KR006166,potato
KR006167,potato
KR006168,potato
KR006169,potato
KR006170,potato
KR006171,potato
KR006172,potato
KR006173,potato
KR006174,potato
KR006175,potato
KR006176,potato
KR006177,potato
KR006178,potato
KR006179,potato
KR006180,potato
KR006181,potato
KR006182,potato
KR006183,potato
KR006184,potato
KR006185,potato
KR006186,potato
KR006187,potato
KR006188,potato
KR006189,potato
KR006190,potato
KR006191,potato
KR006192,potato
KR006193,potato
KR006194,potato
KR006195,potato
KR006196,potato
KR006197,potato
KR006198,potato
KR006199,potato
KR006200,potato
KR006201,potato
KR006202,potato
KR006203,potato
KR006204,potato
KR006205,potato
KR006206,potato
KR006207,potato
KR006208,potato
KR006209,potato
KR006210,potato
KR006211,potato
KR006212,potato
KR006213,potato
KR006214,potato
KR006215,potato
KR006216,potato
KR006217,potato
KR006218,potato
KR006219,potato
KR006220,potato
KR006221,potato
KR006222,potato
KR006223,potato
KR006224,potato
KR006225,potato
KR006226,potato
KR006227,potato
KR006228,potato
KR006229,potato
KR006230,potato
KR006231,potato
KR006232,potato
KR006233,potato
KR006234,potato
KR006235,potato
KR006236,potato
KR006237,potato
KR006238,potato
KR259893,sugarbeet
KR259894,sugarbeet
KR259895,sugarbeet
KR259896,sugarbeet
KR259903,sugarbeet
KR259904,sugarbeet
KR259910,sugarbeet
KR259911,sugarbeet
KR259912,sugarbeet
KR259913,sugarbeet
KR259914,sugarbeet
KR259916,sugarbeet
KR259919,sugarbeet
KR259924,sugarbeet
KR259925,sugarbeet
KR259926,sugarbeet
KR259931,sugarbeet
KR259934,sugarbeet
KR259936,sugarbeet
KR259938,sugarbeet
KR259939,sugarbeet
KR259940,sugarbeet
KR259941,sugarbeet
KR259944,sugarbeet
KT583224,potato
KT583225,potato
KT583226,potato
KT583227,potato
KT583228,potato
KT583229,potato
KT583230,potato
KT583231,potato
KT583232,potato
KT583233,potato
KT583234,potato
KT583235,potato
KT583236,potato
KT583237,potato
KT583238,potato
KT583239,potato
KT583240,potato
KT583241,potato
KT583242,potato
KT583243,potato
KT583244,potato
KT583245,potato
KT583246,potato
KT583247,potato
KT583248,potato
KT583249,potato
KT583250,potato
KT583251,potato
KT583252,potato
KT583253,potato
KT583254,potato
KT583255,potato
KT583256,potato
KT583257,potato
KT583258,potato
KT583259,potato
KT583260,potato
KT583261,potato
KT583262,potato
KT583263,potato
KT583264,potato
KT583265,potato
KT583266,potato
KT583267,potato
KT583268,potato
KT583269,potato
KT583270,potato
KT583271,potato
KT583272,potato
KT583273,potato
KT583274,potato
KT583275,potato
KT583276,potato
KT583277,potato
KT583278,potato
KT583279,potato
KT583280,potato
KT583281,potato
KT583282,potato
KT583283,potato
KT583284,potato
KT583285,potato
KT583286,potato
KT583287,potato
KT583288,potato
KT583289,potato
KT583290,potato
KT583291,potato
KJ170315,potato
KJ170316,potato
KJ170317,potato
KJ170318,potato
KJ170319,potato
KJ170320,potato
KJ170321,potato
KJ170322,potato
KJ170323,potato
KJ170324,potato
KJ170325,potato
KJ170326,potato
KJ170327,potato
KJ170328,potato
KJ170329,potato
KJ170330,potato
KJ170331,potato
KJ170332,potato
KJ170333,potato
KJ170334,potato
KJ170335,potato
KJ170336,potato
KJ170337,potato
KJ170338,potato
KJ170339,potato
KJ170340,potato
KJ170341,potato
KJ170342,potato
KJ170343,potato
KJ170344,potato
KJ170345,potato
KJ170346,potato
KJ170347,potato
KJ170348,potato
KJ170349,potato
KJ170350,potato
KJ170351,potato
KJ170352,potato
KJ170353,potato
KJ170354,potato
KJ170355,potato
KJ170356,potato
KJ170357,potato
KJ170358,potato
KJ170359,potato
KJ170360,potato
KJ170361,potato
KJ170362,potato
KJ170363,potato
KJ170364,potato
KJ170365,potato
KT345948,Matthiola incana
KT783526,yukon gold potato
KT268504,Microthlaspi perfoliatum
KT268768,Microthlaspi perfoliatum
KT269425,Microthlaspi perfoliatum
KT269974,Microthlaspi perfoliatum
KT286731,Arachis hypogaea
KT286732,Arachis hypogaea
KT366922,Curcuma longa
KU360630,Artemisia brachyloba
KU863546,Olea europaea
KU216129,Rosmarinus officinalis
KX101052,sweet potato
KX101053,sweet potato
KX130695,Trachycarpus fortunei
KX130696,Trachycarpus fortunei
KX130697,Trachycarpus fortunei
KX130698,Citrus aurantium
KX130699,Citrus volkameriana
KX130700,Citrus volkameriana
KX130701,Arbutus unedo
KX130702,Thevetia peruviana
KX130703,Tabebuia impetiginosa
KX130704,Bignonia sp.
KX130705,Trachycarpus fortunei
KX130706,Trachycarpus fortunei
KX130707,Lagunaria patersonii
KX130708,Streptosolen jamesonii
KX130709,Murraya paniculata
KX130710,Murraya paniculata
KX130711,Citrus aurantium
KX130712,Citrus volkameriana
KX130713,Poncirus trifoliata
KX130714,Poncirus trifoliata
KX130715,Trachycarpus fortunei
KX130716,Murraya paniculata
KX130718,Citrus volkameriana
KX130719,Chamaerops humilis
KX130720,Chamaerops humilis
KX130721,Lagunaria patersonii
KX130722,Osteospermum sp.
KX130723,Osteospermum sp.
KX130724,Osteospermum sp.
KX130725,Tabebuia impetiginosa
KX397678,Withania somnifera
KU578340,Pisum sativum
KU847460,orchid
KU847461,orchid
KU847462,orchid
KU321570,Fagopyrum esculentum
KX646540,barley
KY684287,Vigna unguiculata
KY684288,Vigna unguiculata
KX583261,Citrullus lanatus
KX583262,Citrullus lanatus
KX583263,Citrullus lanatus
MF193914,Beta vulgaris
MF193915,Beta vulgaris
MF193916,Beta vulgaris
MF193917,Beta vulgaris
MF193918,Beta vulgaris
MF193919,Beta vulgaris
MF193920,Beta vulgaris
MF193921,Beta vulgaris
MF193922,Beta vulgaris
MF193923,Beta vulgaris
MF193924,Beta vulgaris
MF193925,Beta vulgaris
MF193926,Beta vulgaris
MF193927,Beta vulgaris
MF193928,Beta vulgaris
MF193929,Beta vulgaris
MF193930,Beta vulgaris
MF193931,Beta vulgaris
MF193932,Beta vulgaris
MF193933,Beta vulgaris
MF193934,Beta vulgaris
MF193935,Beta vulgaris
MF193936,Beta vulgaris
MF193937,Beta vulgaris
MF193938,Beta vulgaris
MF193939,Beta vulgaris
MF193940,Beta vulgaris
MF193941,Beta vulgaris
MF193942,Beta vulgaris
MF193943,Beta vulgaris
MF193944,Beta vulgaris
MF193945,Beta vulgaris
MF193946,Beta vulgaris
MF193947,Beta vulgaris
MF193948,Beta vulgaris
MF193949,Beta vulgaris
MF193950,Beta vulgaris
MF193951,Beta vulgaris
MF193952,Beta vulgaris
MF193953,Beta vulgaris
MF193954,Beta vulgaris
MF193955,Beta vulgaris
MF193956,Beta vulgaris
MF193957,Beta vulgaris
MF193958,Beta vulgaris
MF193959,Beta vulgaris
MF193960,Beta vulgaris
MF193961,Beta vulgaris
MF193962,Beta vulgaris
MF193963,Beta vulgaris
MF193964,Beta vulgaris
MF193965,Beta vulgaris
MF193966,Beta vulgaris
MF193967,Beta vulgaris
MF193968,Beta vulgaris
MF193969,Beta vulgaris
MF193970,Beta vulgaris
MF193971,Beta vulgaris
MF193972,Beta vulgaris
MF193973,Beta vulgaris
MF193974,Beta vulgaris
MF193975,Beta vulgaris
MF193976,Beta vulgaris
MF193977,Beta vulgaris
MF193978,Beta vulgaris
MF193979,Beta vulgaris
MF193980,Beta vulgaris
MF193981,Beta vulgaris
MF193982,Beta vulgaris
MF193983,Beta vulgaris
MF193984,Beta vulgaris
MF193985,Beta vulgaris
MF193986,Beta vulgaris
MF193987,Beta vulgaris
MF193988,Beta vulgaris
MF193989,Beta vulgaris
MF193990,Beta vulgaris
MF193991,Beta vulgaris
MF193992,Beta vulgaris
MF193993,Beta vulgaris
MF193994,Beta vulgaris
MF193995,Beta vulgaris
MF193996,Beta vulgaris
MF193997,Beta vulgaris
MF193998,Beta vulgaris
MF193999,Beta vulgaris
MF194000,Beta vulgaris
MF194001,Beta vulgaris
MF194002,Beta vulgaris
MF194003,Beta vulgaris
MF194004,Beta vulgaris
MF194005,Beta vulgaris
MF194006,Beta vulgaris
MF194007,Beta vulgaris
MF194008,Beta vulgaris
MF194009,Beta vulgaris
MF194010,Beta vulgaris
MF194011,Beta vulgaris
MF194012,Beta vulgaris
MF194013,Beta vulgaris
MF194014,Beta vulgaris
MF194015,Beta vulgaris
MF194016,Beta vulgaris
KX631230,potato
KX631231,potato
KX631232,potato
KX631233,potato
KX631234,potato
KX631235,potato
KX631236,potato
KX631237,potato
KX631238,potato
KX631240,potato
KX631241,potato
KX631242,potato
KX631243,potato
KX631244,potato
KX631245,potato
KX631246,potato
KX631247,potato
KX631248,potato
KX631249,potato
KX631250,potato
KX631251,potato
KX631252,potato
KX631253,potato
KX631254,potato
KX631255,potato
KX631256,potato
KX631257,potato
KX631258,potato
KX631259,potato
KX631260,potato
KX631261,potato
KX631262,potato
KX631263,potato
KX631264,potato
KX631265,potato
KX631266,potato
KX631267,potato
KX631268,potato
KX631269,potato
KX631270,potato
KX631271,potato
KX631272,potato
KX631273,potato
KX631274,potato
KX631275,potato
KX631276,potato
KX631277,potato
KX631278,potato
KX631279,potato
KX631280,potato
KX631281,potato
KX631282,potato
KX631283,potato
KX631284,potato
KX631285,potato
KX631286,potato
KX631287,potato
KX631288,potato
KX631289,potato
KX631290,potato
KX631291,potato
KX631292,potato
KX631293,potato
KX631294,potato
KX631295,potato
KX631296,potato
KX631297,potato
KX631298,potato
KX631299,potato
KX631300,potato
KX631301,potato
KX631302,potato
KX631303,potato
KX631304,potato
KX631305,potato
KX631306,potato
KX631307,potato
KX631308,potato
KX631309,potato
KX631310,potato
KX631311,potato
KX631312,potato
KX631313,potato
KX631314,potato
KX631315,potato
KX631316,potato
KX631317,potato
KX631318,potato
KX631319,potato
KX631320,potato
KX631321,potato
KX631322,potato
KX631323,potato
KX631324,potato
KX631325,potato
KX631326,potato
KX631327,potato
KX631328,potato
KX631329,potato
KX631330,potato
KX631331,potato
KX631332,potato
KX631333,potato
KX631334,potato
KX631335,potato
KX631336,potato
KX631337,potato
KX631338,potato
KX631339,potato
KX631340,potato
KX631341,potato
KX631342,potato
KX631343,potato
KX631344,potato
KX631345,potato
KX631346,potato
KX631347,potato
KX631348,potato
KX631349,potato
KX631350,potato
KX631351,potato
KX631352,potato
KX631353,potato
KX631354,potato
KX631355,potato
KX631356,potato
KX631357,potato
KX631358,potato
KX631359,potato
KX631360,potato
KX631361,potato
KX631362,potato
KX631363,potato
KX631364,potato
KX631365,potato
KX631366,potato
KX631367,potato
KX631368,potato
KX631369,potato
KX631370,potato
KX631371,potato
KX631372,potato
KX631373,potato
KX631374,potato
KX631375,potato
KX631376,potato
KX631377,potato
KX631378,potato
KX631379,potato
KX631380,potato
KX631381,potato
KX631382,potato
KX631383,potato
KX631384,potato
KX631385,potato
KX631386,potato
KX631387,potato
KX631388,potato
KX631389,potato
KX631390,potato
KX631391,potato
KX631392,potato
KX631393,potato
KX631394,potato
KX631395,potato
KX631396,potato
KX631397,potato
KX631398,potato
KX631399,potato
KX631400,potato
KX631401,potato
KX631402,potato
KX631403,potato
KX631404,potato
KX631405,potato
KX631406,potato
KX631407,potato
KX631408,potato
KX631409,potato
KX631410,potato
KX631411,potato
KX631412,potato
KX631413,potato
KX631414,potato
KX631415,potato
KX631416,potato
KX631417,potato
KX631418,potato
KX631419,potato
KX631420,potato
KX468064,potato
KX468065,potato
KX468066,potato
KX468067,potato
KX468068,potato
KX468069,potato
KX468070,potato
KX468071,potato
KX468072,potato
KX468073,potato
KX468074,potato
KX468075,potato
KX468076,potato
KX468077,potato
KX468078,potato
KX468079,potato
KX468080,potato
KX468081,potato
KX468082,potato
KX468083,potato
KX468084,potato
KX468085,potato
KX468086,potato
KX650622,potato
KX650623,potato
KX650624,potato
KX650625,potato
KX650626,potato
KX650627,potato
KX650628,potato
KX650629,potato
KX650630,potato
KX650631,potato
KX650632,potato
KX650633,potato
KX810067,sugar beet
KX810068,sugar beet
MF972486,Lilium longiflorum
MF138105,Fragaria x ananassa; variety: Chandler
MG515404,kiwifruit
MG515405,kiwifruit
MG515406,kiwifruit
MG515408,kiwifruit
MG515409,kiwifruit
KY351637,Commelina benghalensis
MG711649,Humulus lupulus
MG813254,Sesamum indicum
MG548644,tomato
MG548645,tomato
MG548646,tomato
MG548647,tomato
MG548648,tomato
MF447834,Peucedanum praeruptorum
MG589761,Nicotiana tabacum
MF085062,Mentha x piperita
MF085063,Mentha spicata
MF085064,Origanum majorana
MF085065,Mentha sp.
MF085066,Origanum vulgare
MF085067,Salvia rosmarinus
MF085068,Ocimum basilicum
MF085069,Origanum vulgare
MF085070,Ocimum basilicum
MF093753,Capsicum annuum
MH231493,Chickpea
MH231494,Chickpea
MH231495,Chickpea
MH231496,Chickpea
MH231497,Chickpea
MH231498,Chickpea
MH231499,Chickpea
MH231500,Chickpea
MH231501,Chickpea
MH231502,Chickpea
MH231503,Chickpea
MH231504,Chickpea
MH231505,Chickpea
MH231506,Chickpea
MH231507,Chickpea
MH231508,Chickpea
MH231509,Chickpea
MH231510,Chickpea
MH231511,Chickpea
MH231512,Chickpea
MH231513,Chickpea
MH231514,Chickpea
MH231515,Chickpea
MG264304,Zoyzia japonica
MG264305,Zoyzia japonica
MG264306,Zoyzia japonica
MG264307,Zoyzia japonica
MG264308,Zoyzia japonica
MG264309,Zoyzia japonica
MG264310,Zoyzia japonica
MG264311,Zoyzia japonica
MG264312,Zoyzia japonica
MG264313,Zoyzia japonica
MG264314,Zoyzia japonica
MG264315,Zoyzia japonica
MG264316,Zoyzia japonica
MH266060,Dry bean plant samples
MH266061,Dry bean plant samples
MH266062,Dry bean plant samples
MH266063,Dry bean plant samples
MF474259,Coriandrum sativum
MF474260,Coriandrum sativum
MF804911,Citrullus lanatus
MH714869,Nicotiana tabacum
MG923316,Vigna unguiculata subsp. sesquipedalis
MG844369,potato
MG844370,tomato
MG844371,tomato
MG844372,tomato
MG844373,tomato
MG844374,tomato
MG844375,tomato
MG844376,tomato
MG844377,tomato
MG844378,tomato
MG844379,tomato
MG844380,tomato
MG844381,tomato
MH172542,sugar beet
MH172543,sugar beet
MH172544,sugar beet
MH172545,sugar beet
MH172546,sugar beet
MH172547,sugar beet
MH172548,sugar beet
MH172549,sugar beet
MH172550,sugar beet
MH172551,sugar beet
MH172552,sugar beet
MH172553,sugar beet
MH172554,sugar beet
MH172555,sugar beet
MH172556,sugar beet
MH172557,sugar beet
MH172558,sugar beet
MH172559,sugar beet
MH172560,sugar beet
MH172561,sugar beet
MH172562,sugar beet
MH172563,sugar beet
MH172564,sugar beet
MH172565,sugar beet
MH172566,sugar beet
MH172567,sugar beet
MH172569,sugar beet
MH172570,sugar beet
MH172571,sugar beet
MH172572,sugar beet
MH172573,sugar beet
MH172574,sugar beet
MH172575,sugar beet
MH172576,sugar beet
MH172578,sugar beet
MH172579,sugar beet
MH172580,sugar beet
MH172581,sugar beet
MH172582,sugar beet
MH172583,sugar beet
MH172584,sugar beet
MH172585,sugar beet
MH172586,sugar beet
MH172587,sugar beet
MH172588,sugar beet
MH172589,sugar beet
MH172590,sugar beet
MH172591,sugar beet
MH172592,sugar beet
MH172593,sugar beet
MH172594,sugar beet
MH172595,sugar beet
MH172596,sugar beet
MH172597,sugar beet
MH172598,sugar beet
MH172599,sugar beet
MH172600,sugar beet
MH172601,sugar beet
MH172602,sugar beet
MH172603,sugar beet
MH172608,sugar beet
MH172618,sugar beet
MH172619,sugar beet
MH172620,sugar beet
MH172621,sugar beet
MH172622,sugar beet
MH172623,sugar beet
MH172624,sugar beet
MH172625,sugar beet
MH172626,sugar beet
MH172627,sugar beet
MH172628,sugar beet
MH172632,sugar beet
MH172635,sugar beet
MH172637,sugar beet
MH172638,sugar beet
MH172639,sugar beet
MH172640,sugar beet
MH172641,sugar beet
MH172642,sugar beet
MH172643,sugar beet
MH172644,sugar beet
MH172645,sugar beet
MH172646,sugar beet
MH172647,sugar beet
MH172648,sugar beet
MH172649,sugar beet
MH172650,sugar beet
MH172651,sugar beet
MH172652,sugar beet
MH172653,sugar beet
MH172654,sugar beet
MH172655,sugar beet
MH172656,sugar beet
MH172657,sugar beet
MH172658,sugar beet
MH172659,sugar beet
MH172660,sugar beet
MH172661,sugar beet
MH172662,sugar beet
MH172663,sugar beet
MH172664,sugar beet
MH172665,sugar beet
MH172666,sugar beet
MH172667,sugar beet
MH172669,sugar beet
MH172672,sugar beet
MH172673,sugar beet
MH172674,sugar beet
MH172675,sugar beet
MH172676,sugar beet
MH172677,sugar beet
MH172678,sugar beet
MH172679,sugar beet
MK123309,Beta vulgaris subsp. vulgaris
MK123311,Beta vulgaris subsp. vulgaris
MH259594,Lens culinaris
MK288031,potato
MK288032,potato
MK336664,pak choy
MK336665,pak choy
MK336666,pak choy
MK336667,pak choy
MK336668,pak choy
MK336669,pak choy
MK336670,pak choy
MK336671,pak choy
MK336672,pak choy
MK336673,pak choy
MK336674,pak choy
MK336675,pak choy
MK336676,pak choy
MK336677,pak choy
MK336678,pak choy
MK336679,pak choy
MK336680,pak choy
MK336681,pak choy
MK336682,pak choy
MK336683,pak choy
MK336684,pak choy
MK336685,pak choy
MK336686,pak choy
MK336687,pak choy
MK336688,pak choy
MK336689,pak choy
MK336690,pak choy
MK336691,pak choy
MK336692,pak choy
MK336693,pak choy
MK336694,pak choy
MK336695,pak choy
MK336696,pak choy
MK336697,pak choy
MK336698,pak choy
MK336699,pak choy
MK336700,pak choy
MK336701,pak choy
MK336702,pak choy
MK336703,pak choy
MK336704,pak choy
MK336705,pak choy
MK336706,pak choy
MK336707,pak choy
MK336708,pak choy
MK336709,pak choy
MK336710,pak choy
MK336711,pak choy
MK336712,pak choy
MK336713,pak choy
MK393912,Phaseolus vulgaris
MK430998,Echinacea purpurea
MK484125,Cucumis sativus (Cucumber)
MK484126,Vigna unguiculata (Cowpea)
MK484135,Echinochloa crus-galli (Barnyard grass)
MK503162,Manihot esculenta
MK517535,potato
MK583626,Lactuca sativa
MK583627,Lactuca sativa
MK583628,Lactuca sativa
MK583629,Lactuca sativa
MK583630,Lactuca sativa
MK583631,Lactuca sativa
MK583632,Lactuca sativa
MK583633,Lactuca sativa
MK583634,Lactuca sativa
MK583635,Lactuca sativa
MK583636,Lactuca sativa
MK583637,Lactuca sativa
MK583638,Lactuca sativa
MK583639,Lactuca sativa
MK583640,Lactuca sativa
MK583641,Lactuca sativa
MK583642,Lactuca sativa
MK583643,Lactuca sativa
MK583644,Lactuca sativa
MK583645,Lactuca sativa
MK583646,Lactuca sativa
MK583647,Lactuca sativa
MK583648,Lactuca sativa
MK583649,Lactuca sativa
MK583650,Lactuca sativa
MK583651,Lactuca sativa
MK587769,Amaranthus sp.
MK587771,Digitaria sanguinalis (crab grass)
MK587772,Spinacia oleracea
MK594549,Glycine max
MK594550,Glycine max
MK594552,Glycine max
MK594560,Glycine max
MK594561,Glycine max
MK594953,Glycine max
MK734392,Urochloa brizantha cv. Marandu
MK734393,Urochloa brizantha cv. Marandu
MK734394,Urochloa hybrida cv. Mulato
MK734395,Urochloa hybrida cv. Mulato
MK734396,Urochloa hybrida cv. Mulato
MK734397,Urochloa hybrida cv. Mulato
MK734398,Urochloa hybrida cv. Mulato
MK734399,Urochloa hybrida cv. Mulato
MK734400,cowpea; unknown variety
MK734401,cowpea; unknown variety
MK734402,Passiflora edulis
MK734403,Phaseolus vulgaris
MK734404,cowpea; unknown variety
MK734405,Piper nigrum
MK734406,soy; unknown variety
MK734407,soy; unknown variety
MK734408,soy; unknown variety
MK734409,soy; unknown variety
MK734410,soy; unknown variety
MK734411,soy; cv. Tracaja
MK734412,cowpea; unknown variety
MK734413,cowpea; unknown variety
MK734414,cowpea; unknown variety
MK734415,cowpea; unknown variety
MK734416,cowpea; unknown variety
MK734417,soy; cv. Tracaja
MK734418,soy; cv. Tracaja
MK749437,Urochloa brizantha cv. Marandu
MK749438,Urochloa brizantha cv. Marandu
MK749439,Urochloa hybrida cv. Mulato
MK749440,Urochloa hybrida cv. Mulato
MK749441,Urochloa hybrida cv. Mulato
MK749442,Urochloa hybrida cv. Mulato
MK749443,Urochloa hybrida cv. Mulato
MK749444,Urochloa brizantha cv. Marandu
MK788126,Swiss chard (Beta vulgaris subspecies cicla L.)
MN006044,Gymnadenia conopsea
MN006072,Gymnadenia conopsea
MN006076,Gymnadenia conopsea
MN053033,rice
MN053034,rice
MN106336,cabbage
MN106337,cabbage
MN106338,cabbage
MN106339,cabbage
MN106340,cabbage
MN106341,cabbage
MN160664,wheat
MN160665,wheat
MN160666,wheat
MN160669,corn
MN160670,corn
MN160671,soybean
MN160672,soybean
MN160673,soybean
MN160674,soybean
MN160675,soybean
MN160676,soybean
MN160677,soybean
MN160678,soybean
MN160679,soybean
MN160680,soybean
MN160681,soybean
MN160682,soybean
MN160683,soybean
MN160684,soybean
MN160685,soybean
MN160689,corn
MN160690,corn
MN160691,corn
MN160692,corn
MN160693,corn
MN160694,corn
MN160695,corn
MN160696,corn
MN160697,soybean
MN160698,soybean
MN160699,corn
MN160700,corn
MN160701,corn
MN160702,corn
MN160704,soybean
MN160705,soybean
MN160706,corn
MN160707,soybean
MN202752,crucifer
MN258586,Solanum tuberosum
MN258591,Solanum tuberosum
MN258592,Solanum tuberosum
MN258593,Solanum tuberosum
MN258594,Solanum tuberosum
MN258595,Solanum tuberosum
MN258596,Solanum tuberosum
MN258597,Solanum tuberosum
MN258598,Solanum tuberosum
MN258599,Solanum tuberosum
MN258600,Solanum tuberosum
MN258601,Solanum tuberosum
MN258602,Solanum tuberosum
MN258603,Solanum tuberosum
MN258604,Solanum tuberosum
MN258605,Solanum tuberosum
MN258606,Solanum tuberosum
MN258607,Solanum tuberosum
MN258608,Solanum tuberosum
MN258609,Solanum tuberosum
MN258610,Solanum tuberosum
MN264600,Physalis ixocarpa
MN264601,Physalis ixocarpa
MN264602,Physalis ixocarpa
MN264603,Physalis ixocarpa
MN264604,Physalis ixocarpa
MN264605,Physalis ixocarpa
MN264606,Physalis ixocarpa
MN264607,Physalis ixocarpa
MN264608,Physalis ixocarpa
MN264609,Physalis ixocarpa
MN264610,Physalis ixocarpa
MN264611,Physalis ixocarpa
MN264612,Physalis ixocarpa
MN264613,Physalis ixocarpa
MN264614,Physalis ixocarpa
MN265839,Brassica oleracea var. viridis
MN265840,Brassica oleracea var. viridis
MN265844,Brassica oleracea var. viridis
MN265836,Brassica oleracea var. viridis
MN265837,Brassica oleracea var. viridis
MN265838,Brassica oleracea var. viridis
MN265845,Brassica oleracea var. viridis
MN265846,Brassica oleracea var. viridis
MN265849,Brassica oleracea var. viridis
MN265850,Brassica oleracea var. viridis
MN265851,Brassica oleracea var. viridis
MN265852,Brassica oleracea var. viridis
MN265853,Brassica oleracea var. viridis
MN271684,Beta vulgaris
MN271685,Beta vulgaris
MN271686,Beta vulgaris
MN271687,Beta vulgaris
MN417231,tobacco
MN421911,Hevea brasiliensis
MN421912,Hevea brasiliensis
MN421913,Hevea brasiliensis
MN421914,Hevea brasiliensis
MN421915,Hevea brasiliensis
MN421916,Hevea brasiliensis
MN421917,Hevea brasiliensis
MN421918,Hevea brasiliensis
MN421919,Hevea brasiliensis
MN421920,Hevea brasiliensis
MN451919,Glycine max
MN452161,Glycine max
MN452178,Glycine max
MN452758,Glycine max
MK084631,soybean
MK084634,soybean
MK084635,soybean
MK084636,soybean
MK084637,soybean
MK084638,soybean
MK084639,soybean
MK084642,soybean
MK084644,soybean
MK084645,soybean
MK084646,soybean
MK084647,soybean
MK084648,soybean
MK084649,soybean
MK084650,soybean
MK084652,soybean
MK084653,soybean
MK084654,soybean
MK084655,soybean
MK084656,soybean
MK084657,soybean
MK084658,soybean
MK084659,soybean
MK084662,soybean
MK084663,soybean
MK084664,soybean
MK084665,soybean
MK084666,soybean
MK084668,soybean
MK084669,soybean
MK084671,soybean
MK084675,pea
MK084676,lupin
MK084677,lupin
MK084678,lupin
MK084679,lupin
MK084680,lupin
MK084681,lupin
MK084682,pea
MK084683,pea
MK084685,Echinacea
MK084686,Alstroemeria sp.
MK084687,pea
MK084688,pea
MK084689,pea
MK084690,dill
MK084691,dill
MK084692,bean
MK084694,cauliflower
MK084695,cauliflower
MK084696,cauliflower
MK084697,pea
MK084698,pea
MK084699,pea
MK084700,pea
MN640914,Chickpea
MN640915,Chickpea
MN640916,Chickpea
MN640917,Chickpea
MN640918,Chickpea
MN640919,Chickpea
MN640920,Chickpea
MN640921,Chickpea
MN640922,Chickpea
MN640923,Chickpea
MN640924,Chickpea
MN640925,Chickpea
MN640926,Chickpea
MN640927,Chickpea
MN640929,Chickpea
MN640930,Chickpea
MN640931,Chickpea
MN640932,Chickpea
MN640933,Chickpea
MN640934,Chickpea
MN640935,Chickpea
MN640936,Chickpea
MN640937,Chickpea
MN640938,Chickpea
MN640939,Chickpea
MN640940,Chickpea
MN640941,Chickpea
MN640942,Chickpea
MN640943,Chickpea
MN640944,Chickpea
MN640945,Chickpea
MN640946,Chickpea
MN640947,Chickpea
MN640948,Chickpea
MN640949,Chickpea
MN640950,Chickpea
MN640951,Chickpea
MN640952,Chickpea
MN640953,Chickpea
MN640954,Chickpea
MN640955,Chickpea
MN640956,Chickpea
MN640957,Chickpea
MN640958,Chickpea
MN640959,Chickpea
MN749891,tobacco
MN752211,tobacco
MN809147,Zoysia japonica (Mexican turfgrasses)
MN853684,Cannabis sativa var. BaOX
MN872375,sugar beet
MN872376,sugar beet
MN872377,sugar beet
MN872378,sugar beet
MN890125,sugar beet
MN891692,sugar beet
MN891693,sugar beet
MN891694,sugar beet
MN891695,sugar beet
MN891696,sugar beet
MN891697,sugar beet
MN891698,sugar beet
KX810069,sugar beet
MN956341,Solanum tuberosum
MN956342,Solanum tuberosum
MN956343,Solanum tuberosum
MN956344,Solanum tuberosum
MN956345,Solanum tuberosum
MN956346,Solanum tuberosum
MN956347,Solanum tuberosum
MN956348,Solanum tuberosum
MN956349,Solanum tuberosum
MN956350,Solanum tuberosum
MN956351,Solanum tuberosum
MN956352,Solanum tuberosum
MN956353,Solanum tuberosum
MN956354,Solanum tuberosum
MN956355,Solanum tuberosum
MN956356,Solanum tuberosum
MN956357,Solanum tuberosum
MN956358,Solanum tuberosum
MN956359,Solanum tuberosum
MN956360,Solanum tuberosum
MN956361,Solanum tuberosum
MN956362,Solanum tuberosum
MN956363,Solanum tuberosum
MN956364,Solanum tuberosum
MN956365,Solanum tuberosum
MN956366,Solanum tuberosum
MN956367,Solanum tuberosum
MN956368,Solanum tuberosum
MN956370,Solanum tuberosum
MN956371,Solanum tuberosum
MN956372,Solanum tuberosum
MN956373,Solanum tuberosum
MN956374,Solanum tuberosum
MN961664,Sedum plumbizincicola
MT068403,Red Cabbage
MT068404,Red Cabbage
MT068405,Red Cabbage
MT068406,Red Cabbage
MT068296,Red Cabbage
MT068297,Red Cabbage
MT068298,Red Cabbage
MT068299,Red Cabbage
MT068300,Red Cabbage
MT068301,Red Cabbage
MT068302,Red Cabbage
MT068303,Red Cabbage
MT068304,Red Cabbage
MT068305,Red Cabbage
MT068306,Red Cabbage
MT068307,Red Cabbage
MT068308,Red Cabbage
MT068309,Red Cabbage
MT068310,Red Cabbage
MT068311,Red Cabbage
MT068312,Red Cabbage
MT068313,Red Cabbage
MT068314,Red Cabbage
MT068315,Red Cabbage
MT068316,Red Cabbage
MT068317,Red Cabbage
MT068318,Red Cabbage
MT068319,Red Cabbage
MT068320,Red Cabbage
MT068321,Red Cabbage
MT068322,Red Cabbage
MT068323,Red Cabbage
MT068324,Red Cabbage
MT068325,Red Cabbage
MT068326,Red Cabbage
MT068327,Red Cabbage
MT068328,Red Cabbage
MT068329,Red Cabbage
MT068330,Red Cabbage
MT068331,Red Cabbage
MT068332,Red Cabbage
MT068333,Red Cabbage
MT068334,Red Cabbage
MT068335,Red Cabbage
MT068336,Red Cabbage
MT068337,Red Cabbage
MT068338,Red Cabbage
MT068339,Red Cabbage
MT068340,Red Cabbage
MT068341,Red Cabbage
MT068342,Red Cabbage
MT068343,Red Cabbage
MT068344,Red Cabbage
MT068345,Red Cabbage
MT068346,Red Cabbage
MT068347,Red Cabbage
MT068348,Red Cabbage
MT068349,Red Cabbage
MT068350,Red Cabbage
MT068351,Red Cabbage
MT068352,Red Cabbage
MT068353,Red Cabbage
MT068354,Red Cabbage
MT068355,Red Cabbage
MT068356,Red Cabbage
MT068357,Red Cabbage
MT068358,Red Cabbage
MT068359,Red Cabbage
MT068360,Red Cabbage
MT068361,Red Cabbage
MT068362,Red Cabbage
MT068363,Red Cabbage
MT068364,Red Cabbage
MT068365,Red Cabbage
MT068366,Red Cabbage
MT068367,Red Cabbage
MT068368,Red Cabbage
MT068369,Red Cabbage
MT068370,Red Cabbage
MT068371,Red Cabbage
MT068372,Red Cabbage
MT068373,Red Cabbage
MT068374,Red Cabbage
MT068375,Red Cabbage
MT068376,Red Cabbage
MT068377,Red Cabbage
MT068378,Red Cabbage
MT068379,Red Cabbage
MT068380,Red Cabbage
MT068381,Red Cabbage
MT068382,Red Cabbage
MT068383,Red Cabbage
MT068384,Red Cabbage
MT068385,Red Cabbage
MT068386,Red Cabbage
MT068387,Red Cabbage
MT068388,Red Cabbage
MT068389,Red Cabbage
MT068390,Red Cabbage
MT068391,Red Cabbage
MT068392,Red Cabbage
MT068393,Red Cabbage
MT068394,Red Cabbage
MT068395,Red Cabbage
MT068396,Red Cabbage
MT068397,Red Cabbage
MT068398,Red Cabbage
MT068399,Red Cabbage
MT068400,Red Cabbage
MT068401,Red Cabbage
MT068402,Red Cabbage
MT068407,Red Cabbage
MT068408,Red Cabbage
MT068409,Red Cabbage
MT068410,Red Cabbage
MT068411,Red Cabbage
MT068412,Red Cabbage
MT068413,Red Cabbage
MT068414,Red Cabbage
MT068415,Red Cabbage
MT068416,Red Cabbage
MT068417,Red Cabbage
MT068418,Red Cabbage
MT068419,Red Cabbage
MT134461,Solanum tuberosum
MT134462,Solanum tuberosum
MT134463,Solanum tuberosum
MT134464,Solanum tuberosum
MT134465,Solanum tuberosum
MT177230,Lactuca sativa
MT177231,Lactuca sativa
MT177232,Lactuca sativa
MT177233,Lactuca sativa
MT177234,Lactuca sativa
MT177235,Lactuca sativa
MT177236,Lactuca sativa
MT177237,Lactuca sativa
MT177238,Lactuca sativa
MT177239,Lactuca sativa
MT177240,Lactuca sativa
MT177241,Lactuca sativa
MT177242,Lactuca sativa
MT177243,Lactuca sativa
MT177244,Lactuca sativa
MT177245,Spinacia oleracea
MT177246,Raphanus sativus
MT177247,Daucus carota
MT177248,Spinacia oleracea
MT177249,Daucus carota
MT177250,Daucus carota
MT177251,Solanum tuberosum
MT177252,Solanum tuberosum
MT177253,Raphanus sativus
MT177254,Daucus carota
MT177255,Glycine max
MT177256,Daucus carota
MT177257,Pisum sativum
MT177259,Lactuca sativa
MT177260,Lactuca sativa
MT180476,rice
MT380166,strawberry
MT380167,strawberry
MT380168,strawberry
MT380169,strawberry
MT380170,strawberry
MT380171,strawberry
MT380172,strawberry
MT460102,pepper
MT460103,pepper
MT460104,pepper
MT523021,potato
MT534518,Solanum tuberosum
MT568768,Brassica oleracea
MT672318,onion
MT815908,Alcea rosea
MT892814,Bletilla striata
MT892815,Bletilla striata
MW004170,cabbage
MW004171,cabbage
MW004172,cabbage
MW004173,cabbage
MW004174,cabbage
MW004175,cabbage
MW004176,cabbage
MW004177,cabbage
MW004178,cabbage
MW004179,cabbage
MW004180,cabbage
MW004181,cabbage
MW004182,cabbage
MW004183,cabbage
MW004184,cabbage
MW004185,cabbage
MW004186,cabbage
MW004187,cabbage
MW004188,cabbage
MW004189,cabbage
MW004190,cabbage
MW004191,cabbage
MW004192,cabbage
MW004193,cabbage
MW004194,cabbage
MW004195,cabbage
MW004196,cabbage
MW004197,cabbage
MW004198,cabbage
MW004199,cabbage
MW004200,cabbage
MW004201,cabbage
MW004202,cabbage
MW004203,cabbage
MW004204,cabbage
MW004205,cabbage
MW004206,cabbage
MW004207,cabbage
MW004208,cabbage
MW004209,cabbage
MW004210,cabbage
MW004211,cabbage
MW004212,cabbage
MW004213,cabbage
MW004214,cabbage
MW004215,cabbage
MW004216,cabbage
MW004217,cabbage
MW004218,cabbage
MW004219,cabbage
MW004220,cabbage
MW004221,cabbage
MW004222,cabbage
MW004223,cabbage
MW004224,cabbage
MW004225,cabbage
MW004226,cabbage
MW004227,cabbage
MW004228,cabbage
MW004229,cabbage
MW004230,cabbage
MW004231,cabbage
MW004232,cabbage
MW004233,cabbage
MW004234,cabbage
MW004235,cabbage
MW004236,cabbage
MW004237,cabbage
MW004238,cabbage
MW004239,cabbage
MW004240,cabbage
MW004241,cabbage
MW004242,cabbage
MW004243,cabbage
MW004244,cabbage
MW004245,cabbage
MW004246,cabbage
MW004247,cabbage
MW004248,cabbage
MW004249,cabbage
MW004250,cabbage
MW004251,cabbage
MW004252,cabbage
MW004253,cabbage
MW004254,cabbage
MW004255,cabbage
MW004256,cabbage
MW004257,cabbage
MW004258,cabbage
MW004259,cabbage
MW004260,cabbage
MW004261,cabbage
MW004262,cabbage
MW004263,cabbage
MW004264,cabbage
MW004265,cabbage
MW004266,cabbage
MW004267,cabbage
MW004268,cabbage
MW004269,cabbage
MW004270,cabbage
MW004271,cabbage
MW004272,cabbage
MW004273,cabbage
MW004274,cabbage
MW004275,cabbage
MW004276,cabbage
MW004277,cabbage
MW004278,cabbage
MW004279,cabbage
MW004280,cabbage
MW004281,cabbage
MW004282,cabbage
MW004283,cabbage
MW004284,cabbage
MW004285,cabbage
MW004286,cabbage
MW004287,cabbage
MW004288,cabbage
MW004289,cabbage
MW004290,cabbage
MW004291,cabbage
MW004292,cabbage
MW004293,cabbage
MW004294,cabbage
MW004295,cabbage
MW004296,cabbage
MW004297,cabbage
MW004298,cabbage
MW004299,cabbage
MW004300,cabbage
MW004302,cabbage
MW004303,cabbage
MW004304,cabbage
MW004305,cabbage
MW004306,cabbage
MW004307,cabbage
MW004308,cabbage
MW004309,cabbage
MW004310,cabbage
MW004311,cabbage
MW004312,cabbage
MW004313,cabbage
MW004314,cabbage
MW004315,cabbage
MW004316,cabbage
MW004317,cabbage
MW004318,cabbage
MW004319,cabbage
MW004320,cabbage
MW004321,cabbage
MW004322,cabbage
MW004323,cabbage
MW004324,cabbage
MW004325,cabbage
MW004326,cabbage
MW004327,cabbage
MW004328,cabbage
MW004329,cabbage
MW004330,cabbage
MW036291,Medicago sativa
MW287749,Solanum tuberosum
MW287750,Solanum tuberosum
MW287752,Solanum tuberosum
MW369685,Achillea millefolium
MW397194,Medicago sativa
MW435316,Solanum tuberosum
MW435317,Solanum tuberosum
MW435318,Solanum tuberosum
MW435319,Solanum tuberosum
MW435320,Solanum tuberosum
MW435321,Solanum tuberosum
MW435322,Solanum tuberosum
MW522910,rice
MW522911,rice
MW560551,lima bean 'Cypress'
MW898143,wheat
MW898144,wheat
MW898145,wheat
MW898146,wheat
MW999148,Solanum nigrum
MW999149,Solanum nigrum
MW999150,Solanum nigrum
MW999151,Daucus carota
MW999152,Daucus carota
MW999153,Daucus carota
MW999154,Daucus carota
MW999155,Daucus carota
MW999156,Daucus carota
MW999157,Daucus carota
MW999158,Daucus carota
MW999159,Daucus carota
MW999160,Daucus carota
MW999161,Daucus carota
MW999162,Daucus carota
MW999163,Daucus carota
MW999164,Daucus carota
MW999165,Daucus carota
MW999166,Daucus carota
MW999167,Daucus carota
MW999168,Daucus carota
MW999169,Daucus carota
MW999170,Daucus carota
MW999171,Daucus carota
MW999172,Daucus carota
MW999173,Daucus carota
MW999175,Daucus carota
MW999177,Daucus carota
MW999180,Daucus carota
MW999183,Daucus carota
MW999184,Daucus carota
MW999185,Daucus carota
MW999189,Solanum tuberosum
MW999190,Solanum tuberosum
MW999191,Solanum tuberosum
MW999192,Solanum tuberosum
MW999193,Solanum tuberosum
MW999194,Solanum tuberosum
MW999195,Solanum tuberosum
MW999196,Solanum tuberosum
MW999197,Solanum tuberosum
MW999198,Solanum tuberosum
MW999199,Solanum tuberosum
MW999200,Solanum tuberosum
MW999201,Solanum tuberosum
MW999203,Beta vulgaris subsp. vulgaris
MW999205,Brassica oleracea var. botrytis
MZ158298,Faba bean
MZ158299,Faba bean
MZ267234,Bell Pepper
MZ267689,potato
MZ274468,Solanum lycopersicum
MZ274469,Solanum lycopersicum
MZ373271,Fragaria vesca
MZ683160,Cicer arietinum
MZ683161,Cicer arietinum
MZ754360,bean
MZ754362,bean
MZ754363,bean
MZ754364,bean
MZ754365,bean
MZ754367,bean
MZ754368,bean
MZ754369,bean
MZ754371,bean
MZ754372,bean
MZ754374,bean
MZ754375,bean
MZ754376,bean
MZ754377,bean
MZ754378,bean
MZ754379,bean
MZ754380,bean
MZ754382,bean
MZ754384,bean
MZ754385,bean
MZ754386,bean
MZ754387,bean
MZ754390,bean
MZ754393,bean
MZ754397,bean
MZ754398,bean
MZ754399,bean
MZ754400,bean
MZ754402,bean
MZ754403,bean
MZ754404,bean
MZ754406,bean
MZ831296,potato
MZ831297,potato
MZ831298,potato
MZ831299,potato
MZ836267,tobacco
MZ836268,tobacco
MZ836269,tobacco
MZ836270,tobacco
MZ836271,tobacco
MZ836272,tobacco
MZ836273,tobacco
MZ836274,tobacco
MZ836275,tobacco
MZ836276,tobacco
MZ836277,tobacco
MZ836278,tobacco
MZ836279,tobacco
MZ836280,tobacco
MZ836281,tobacco
MZ836282,tobacco
MZ836283,tobacco
MZ836284,tobacco
MZ836285,tobacco
MZ836286,tobacco
OK185035,Oryza sativa
OK185036,Oryza sativa
OK185037,Oryza sativa
OK185038,Oryza sativa
OK185039,Oryza sativa
OK185040,Oryza sativa
OK185041,Oryza sativa
OK185042,Oryza sativa
OK185043,Oryza sativa
OK185044,Oryza sativa
OK185045,Oryza sativa
OK185046,Oryza sativa
OK185047,Oryza sativa
OK185048,Oryza sativa
OK185049,Oryza sativa
OK185050,Oryza sativa
OK275407,Solanum tuberosum
OL471753,potato
OL471754,potato
OL471755,potato
OL471756,potato
OL471757,potato
OL471758,potato
OL471759,potato
OL471760,potato
OL471761,potato
OL471762,potato
OL471763,potato
OL471764,potato
OL471765,potato
OL762315,Phaseolus vulgaris
OL762316,Phaseolus vulgaris
OL762317,Phaseolus vulgaris
OL762318,Phaseolus vulgaris
OL762319,Phaseolus vulgaris
OL762320,Phaseolus vulgaris
OL762321,Phaseolus vulgaris
OL762322,Phaseolus vulgaris
OL762323,Phaseolus vulgaris
OL762324,Phaseolus vulgaris
OL840844,Phaseolus vulgaris
OL840845,Phaseolus vulgaris
OL840846,Phaseolus vulgaris
OM085670,melon
OM085671,melon
OM095383,Platostoma chinense
OM095384,Platostoma chinense
OM095385,Platostoma chinense
OM095386,Platostoma chinense
OM095387,Platostoma chinense
OM095388,Platostoma chinense
OM868041,Rosemary
ON427945,Beta vulgaris
ON553688,Lablab
ON553689,Lablab
ON873900,bean
ON873901,bean
ON873902,bean
ON873903,bean
ON873904,bean
ON873905,bean
ON873906,bean
ON873907,bean
ON873908,bean
ON873909,bean
ON873910,bean
ON873911,bean
ON873912,bean
ON873913,bean
ON873914,bean
ON873915,bean
ON873916,bean
ON873917,bean
ON873920,bean
ON873921,bean
ON873922,bean
ON873923,bean
ON873924,bean
ON873925,bean
ON873926,bean
ON873927,bean
ON873928,bean
ON873929,bean
ON873930,bean
ON873931,bean
ON873932,bean
ON873933,bean
ON873934,bean
ON873935,bean
MW717918,potato
MW717919,potato
OP412773,Paddy
OP601638,sugar beet
MW999174,Daucus carota
MW999176,Daucus carota
MW999178,Daucus carota
MW999179,Daucus carota
MW999181,Daucus carota
MW999182,Daucus carota
MW999202,Solanum tuberosum
