accession,location
AF354114,USA
AF354115,USA
AY545999,United Kingdom
DQ355130,United Kingdom
DQ355131,United Kingdom
DQ355132,United Kingdom
DQ355133,United Kingdom
DQ355134,United Kingdom
DQ355135,United Kingdom
DQ355137,United Kingdom
DQ355139,United Kingdom
EF017212,Italy
EU152868,"China: Guangxi, Yulin"
EU152869,"China: Guangxi, Nanning"
EU152870,"China: Guangxi, Beihai"
EU152871,"China: Guangxi, Guigang"
EU152872,"China: Guangxi, Hechi"
EU152873,"China: Guangxi, Guilin"
EU152874,"China: Guangxi, Wuzhou"
EU513130,Belgium
EU513131,Belgium
EU513132,Belgium
EU513133,Belgium
EU513134,Belgium
EU513135,Belgium
EU513136,Belgium
EU513137,Belgium
EU513138,Belgium
EU513139,Belgium
EU513140,Belgium
EU513141,Belgium
EU513142,Belgium
EU513143,Belgium
EU513144,Belgium
EU513145,Belgium
EU513146,Belgium
EU513147,Belgium
EU513148,Belgium
EU513149,Belgium
EU513150,Belgium
EU513151,Belgium
EU513152,Belgium
EU513153,Belgium
EU513154,Belgium
EU513155,Belgium
EU513156,Belgium
EU513157,Belgium
EU513158,Belgium
EU513159,Belgium
EU513160,Belgium
EU513161,Belgium
EU730789,"Canada: Devon, Alberta"
EU730790,"Canada: Devon, Alberta"
EU730791,"Canada: Edmonton, Alberta"
EU730792,"Canada: Edmonton, Alberta"
EU730793,"Canada: Edmonton, Alberta"
EU730794,"Canada: Edmonton, Alberta"
EU730795,"Canada: Edmonton, Alberta"
EU730796,"Canada: Edmonton, Alberta"
EU730797,"Canada: Edmonton, Alberta"
EU730798,"Canada: Edmonton, Alberta"
EU730799,"Canada: Edmonton, Alberta"
EU730802,"Canada: Edmonton, Alberta"
EU730803,"Canada: Edmonton, Alberta"
EU730804,"Canada: Edmonton, Alberta"
EU730805,"Canada: Edmonton, Alberta"
EU730806,"Canada: Edmonton, Alberta"
EU730807,"Canada: Edmonton, Alberta"
EU730808,"Canada: Edmonton, Alberta"
EU730809,"Canada: Edmonton, Alberta"
EU730810,"Canada: Edmonton, Alberta"
EU730811,"Canada: Ellerslie, Alberta"
EU730812,"Canada: Ellerslie, Alberta"
EU730813,"Canada: Tofield, Alberta"
EU730815,"Canada: Tofield, Alberta"
EU730816,"Canada: Tofield, Alberta"
EU730817,"Canada: Tofield, Alberta"
EU730818,"Canada: Tofield, Alberta"
EU730819,"Canada: Tofield, Alberta"
EU730820,"Canada: Brooks, Alberta"
EU730821,"Canada: Brooks, Alberta"
EU730822,"Canada: Brooks, Alberta"
EU730823,"Canada: Brooks, Alberta"
EU730824,"Canada: Stettler, Alberta"
EU730825,"Canada: Stettler, Alberta"
EU730826,"Canada: Spruce Groove, Alberta"
EU730827,"Canada: Namao, Alberta"
EU730828,"Canada: Namao, Alberta"
EU730829,"Canada: Bow Island, Alberta"
EU730830,"Canada: Bow Island, Alberta"
EU730831,"Canada: Bow Island, Alberta"
EU730834,"Canada: Leduc, Alberta"
EU730835,"Canada: Leduc, Alberta"
EU730836,"Canada: Brooks, Alberta"
EU730837,"Canada: Rowley, Alberta"
EU730838,"Canada: Rowley, Alberta"
EU730839,"Canada: Rowley, Alberta"
EU730840,"Canada: Rowley, Alberta"
EU730841,"Canada: Rowley, Alberta"
EU730842,"Canada: Rowley, Alberta"
EU730843,"Canada: Rowley, Alberta"
EU730844,"Canada: Rowley, Alberta"
EU730845,"Canada: Rowley, Alberta"
EU730846,"Canada: Rowley, Alberta"
EU730847,"Canada: Rowley, Alberta"
EU730848,"Canada: Rowley, Alberta"
EU730849,"Canada: Rowley, Alberta"
EU730850,"Canada: Rowley, Alberta"
EU730851,"Canada: Rowley, Alberta"
EU730853,"Canada: Rowley, Alberta"
EU730854,"Canada: Viking, Alberta"
EU730855,"Canada: Viking, Alberta"
EU730856,"Canada: Viking, Alberta"
EU730857,"Canada: Three Hills, Alberta"
EU730858,"Canada: Namao, Alberta"
EU730861,"Canada: Barrhead, Alberta"
EU730863,"Canada: Barrhead, Alberta"
EU730864,"Canada: Barrhead, Alberta"
EU730866,"Canada: Barrhead, Alberta"
EU730867,"Canada: Edmonton, Alberta"
EU730868,"Canada: Edmonton, Alberta"
FJ480862,Greece: Imathia
FJ480863,Greece: Serres
FJ480864,Greece: Larissa
FJ480865,Greece: Larissa
FJ480866,Greece: Larissa
FJ480867,Greece: Pella
FJ480868,Greece: Larissa
FJ480869,Greece: Serres
FJ480870,Greece: Imathia
FJ480871,Greece: Imathia
FJ480872,Greece: Imathia
FJ480873,Greece: Larissa
FJ480874,Greece: Larissa
FJ480875,Greece: Larissa
FJ480876,Greece: Serres
FJ480877,Greece: Imathia
FJ480878,Greece: Imathia
FJ480879,Greece: Imathia
FJ480880,Greece: Drama
FJ480881,Greece: Larissa
FJ480882,Greece: Larissa
FJ480883,Greece: Serres
FJ480884,Greece: Drama
FJ480885,Greece: Imathia
FJ480886,Greece: Imathia
FJ480887,Greece: Imathia
FJ480888,Greece: Imathia
FJ480889,Greece: Serres
FJ480890,Greece: Larissa
FJ480898,Greece: Serres
FJ480899,Greece: Serres
FJ480900,Greece: Serres
FJ480901,Greece: Serres
FJ480902,Greece: Serres
FJ480903,Greece: Serres
FJ480904,Greece: Serres
FJ480905,Greece: Serres
FJ480906,Greece: Serres
FJ480907,Greece: Serres
FJ480908,Greece: Serres
FJ480909,Greece: Serres
FJ480910,Greece: Serres
FJ480911,Greece: Rodopi
FJ480912,Greece: Rodopi
FJ480913,Greece: Rodopi
FJ480914,Greece: Rodopi
FJ480915,Greece: Xanthi
FJ480916,Greece: Xanthi
FJ480917,Greece: Xanthi
FJ480918,Greece: Kilkis
FJ480919,Greece: Kilkis
FJ480920,Greece: Serres
FJ480921,Greece: Serres
FJ480922,Greece: Serres
FJ480923,Greece: Serres
FJ480924,Greece: Rodopi
FJ480925,Greece: Rodopi
FJ480926,Greece: Rodopi
FJ480927,Greece: Serres
FJ480928,Greece: Serres
FJ480929,Greece: Serres
FJ480930,Greece: Serres
FJ480931,Greece: Pierias
FJ492060,"USA: Idaho, Cassia Co."
FJ492061,"USA: Idaho, Twin Falls Co."
FJ492062,"USA: Idaho, Cassia Co."
FJ492063,"USA: Idaho, Cassia Co."
FJ492064,"USA: Idaho, Cassia Co."
FJ492065,"USA: Idaho, Cassia Co."
FJ492066,"USA: Idaho, Cassia Co."
FJ492067,"USA: Idaho, Cassia Co."
FJ492069,"USA: Idaho, Cassia Co."
FJ492070,"USA: Idaho, Cassia Co."
FJ492071,"USA: Idaho, Cassia Co."
FJ492072,"USA: Idaho, Cassia Co."
FJ492076,"USA: Idaho, Gooding Co."
FJ492078,"USA: Idaho, Gooding Co."
FJ492079,"USA: Idaho, Gooding Co."
FJ492080,"USA: Idaho, Gooding Co."
FJ492081,"USA: Idaho, Owyhee Co."
FJ492082,"USA: Idaho, Owyhee Co."
FJ492084,"USA: Idaho, Owyhee Co."
FJ492085,"USA: Idaho, Canyon Co."
FJ492086,"USA: Idaho, Canyon Co."
FJ492088,"USA: Idaho, Owyhee Co."
FJ492090,"USA: Idaho, Canyon Co."
FJ492091,"USA: Idaho, Canyon Co."
FJ492092,"USA: Idaho, Canyon Co."
FJ492094,"USA: Oregon, Malheur Co."
FJ492096,"USA: Oregon, Malheur Co."
FJ492111,"USA: Idaho, Bingham Co."
FJ492112,"USA: Idaho, Canyon Co."
FJ492114,"USA: Idaho, Canyon Co."
FJ492115,"USA: Idaho, Elmore Co."
FJ492116,"USA: Idaho, Gooding Co."
FJ492117,"USA: Idaho, Gooding Co."
FJ492118,"USA: Idaho, Gooding Co."
FJ492119,"USA: Idaho, Gooding Co."
FJ492120,"USA: Idaho, Cassia Co."
FJ492121,"USA: Idaho, Cassia Co."
FJ492125,"USA: Oregon, Malheur Co."
FJ492127,"USA: Idaho, Elmore Co."
FJ492128,"USA: Idaho, Elmore Co."
FJ492129,"USA: Idaho, Gooding Co."
FJ492130,"USA: Idaho, Gooding Co."
FJ492132,"USA: Idaho, Cassia Co."
FJ492134,"USA: Idaho, Jerome Co."
FJ492135,"USA: Idaho, Jerome Co."
FJ492140,"USA: Idaho, Canyon Co."
FJ492143,"USA: Idaho, Jerome Co."
FJ492147,"USA: Idaho, Owyhee Co."
FJ492149,"USA: Idaho, Owyhee Co."
FJ492159,"USA: Idaho, Cassia Co."
FJ851083,Russia
FJ435094,Germany
FJ492075,"USA: Idaho, Minidoka Co."
FJ492083,"USA: Idaho, Canyon Co."
FJ492087,"USA: Idaho, Canyon Co."
FJ492089,"USA: Idaho, Canyon Co."
FJ492093,"USA: Idaho, Canyon Co."
FJ492095,"USA: Oregon, Malheur Co."
FJ492113,"USA: Idaho, Canyon Co."
FJ492122,"USA: Idaho, Canyon Co."
FJ492123,"USA: Idaho, Canyon Co."
FJ492124,"USA: Idaho, Canyon Co."
FJ492131,"USA: Idaho, Cassia Co."
FJ492133,"USA: Idaho, Elmore Co."
FJ492136,"USA: Idaho, Canyon Co."
FJ492137,"USA: Idaho, Canyon Co."
FJ492138,"USA: Idaho, Canyon Co."
FJ492139,"USA: Idaho, Canyon Co."
FJ492141,"USA: Idaho, Canyon Co."
FJ492142,"USA: Idaho, Jerome Co."
FJ492144,"USA: Idaho, Cassia Co."
FJ492145,"USA: Idaho, Owyhee Co."
FJ492146,"USA: Idaho, Owyhee Co."
FJ492148,"USA: Idaho, Owyhee Co."
FJ492150,"USA: Idaho, Elmore Co."
FJ492151,"USA: Idaho, Elmore Co."
FJ492152,"USA: Idaho, Elmore Co."
FJ492153,"USA: Idaho, Owyhee Co."
FJ492154,"USA: Idaho, Owyhee Co."
FJ492155,"USA: Idaho, Owyhee Co."
FJ492156,"USA: Idaho, Elmore Co."
FJ492157,"USA: Idaho, Twin Falls Co."
FJ492160,"USA: Idaho, Jerome Co."
FJ492161,"USA: Idaho, Jerome Co."
FJ492162,"USA: Idaho, Jerome Co."
FJ492163,"USA: Idaho, Jerome Co."
FJ492164,"USA: Idaho, Jerome Co."
FJ492165,"USA: Idaho, Jerome Co."
GU811660,"USA: Idaho, Cassia Co."
GU811661,"USA: Idaho, Cassia Co."
GU811662,"USA: Idaho, Cassia Co."
GU811663,"USA: Idaho, Cassia Co."
GU811664,"USA: Idaho, Cassia Co."
GU811665,"USA: Idaho, Owyhee Co."
GU811666,"USA: Idaho, Owyhee Co."
GU811667,"USA: Idaho, Owyhee Co."
GU811668,"USA: Idaho, Owyhee Co."
GU811669,"USA: Idaho, Owyhee Co."
GU811670,"USA: Idaho, Owyhee Co."
GU811671,"USA: Idaho, Owyhee Co."
GU811672,"USA: Idaho, Twin Falls Co."
GU811673,"USA: Idaho, Twin Falls Co."
GU811674,"USA: Idaho, Twin Falls Co."
GU811675,"USA: Idaho, Twin Falls Co."
GU811676,"USA: Idaho, Jerome Co."
GU811677,"USA: Idaho, Jerome Co."
GU811678,"USA: Idaho, Jerome Co."
GU811679,"USA: Idaho, Jerome Co."
GU811680,"USA: Idaho, Jerome Co."
GU811681,"USA: Idaho, Jerome Co."
GU811682,"USA: Idaho, Jerome Co."
GU811683,"USA: Idaho, Jerome Co."
GU811684,"USA: Idaho, Jerome Co."
GU811685,"USA: Idaho, Jerome Co."
GU811686,"USA: Idaho, Jerome Co."
GU811687,"USA: Idaho, Jerome Co."
GU811688,"USA: Idaho, Jerome Co."
GU811689,"USA: Idaho, Jerome Co."
GU206548,Colombia
HM597131,"USA: Florida, Sarasota Co."
HM597132,"USA: Florida, Palm Beach Co."
HQ241274,"USA: Massachusetts, Hampshire County"
HQ404661,"USA: Poplarville, MS"
HQ404662,"USA: Poplarville, MS"
JF817348,China: farm near Wuhan city
JF817349,China: farm near Wuhan city
JN254787,Israel
JN254788,Israel
JN545836,"USA: Homestead, Florida"
JQ616849,Argentina
JQ616852,Argentina
JQ616853,Argentina
JQ616855,Argentina
JQ616856,Argentina
JQ616857,Argentina
JQ616858,Argentina
JQ616859,Argentina
JQ616860,Argentina
JQ616861,Argentina
JQ616862,Argentina
JQ616863,Argentina
JQ616864,Argentina
JQ616865,Argentina
JQ616866,Argentina
JQ616867,Argentina
JQ616869,Argentina
JQ616870,Argentina
JQ616871,Argentina
JQ616872,Argentina
JQ616874,Argentina
JQ410052,USA: Florida
JQ410053,USA: Florida
JQ812798,China
JQ812799,China
JQ812800,China
JQ812801,China
JQ812802,China
JQ812803,China
JQ812804,China
JQ812805,China
JQ812806,China
JQ311915,Australia
JX294316,Costa Rica
JX294318,Costa Rica
JX294319,Costa Rica
JX294321,Costa Rica
JX294323,Costa Rica
JX294327,Costa Rica
JX294328,Costa Rica
JX294329,Costa Rica
JX294332,Costa Rica
JX294333,Costa Rica
JX294334,Costa Rica
JX294335,Costa Rica
JX294338,Costa Rica
JX294340,Costa Rica
JX294341,Costa Rica
JX294343,Costa Rica
JX294344,Costa Rica
JX294346,Costa Rica
JX294347,Costa Rica
JX294348,Costa Rica
JQ946291,China
JQ946292,China
JQ946293,China
JQ946294,China
JQ946295,China
JQ946296,China
JX631156,"USA: Beltsville, Prince George's County, MD"
JX631157,"USA: Beltsville, Prince George's County, MD"
JX631158,"USA: Leesburg, VA"
JX631159,"USA: Leesburg, VA"
JX631160,"USA: Leesburg, VA"
JX631161,"USA: Leesburg, VA"
JX631162,"USA: Blacksburg, VA"
JX631163,"USA: Blacksburg, VA"
JX631164,"USA: Blacksburg, VA"
JX631165,"USA: Blacksburg, VA"
JX631166,"USA: Herndon, VA"
JX631167,"USA: Herndon, VA"
JX631168,"USA: Herndon, VA"
JX631169,"USA: Leesburg, VA"
JX631170,"USA: Annapolis, MD"
JX631171,"USA: Annapolis, MD"
JX631172,"USA: Woodbridge, VA"
JX631173,"USA: Woodbridge, VA"
JX631174,"USA: Richmond, VA"
JX631175,"USA: Richmond, VA"
JX631176,"USA: Richmond, VA"
JX631177,"USA: Richmond, VA"
JX631178,"USA: Richmond, VA"
JX631179,"USA: Richmond, VA"
JX631180,"USA: Blacksburg, VA"
JX631181,"USA: Blacksburg, VA"
JX631182,"USA: Blacksburg, VA"
JX631183,"USA: Leesburg, VA"
JX631184,"USA: Leesburg, VA"
JX631185,"USA: Blacksburg, VA"
JX631186,"USA: Blacksburg, VA"
JX631187,"USA: Richmond, VA"
JX631188,"USA: Richmond, VA"
JX631189,"USA: Beltsville, Prince George's County, MD'"
JX631190,"USA: Beltsville, Prince George's County, MD'"
JX631191,"USA: Beltsville, Prince George's County, MD'"
JX631192,"USA: Leesburg, VA"
JX631193,"USA: Annapolis, MD"
JX631194,"USA: Annapolis, MD"
JX631195,"USA: Annapolis, MD"
JX631196,"USA: Annapolis, MD"
JX631197,"USA: Leesburg, VA"
JX631198,"USA: Leesburg, VA"
JX631199,"USA: Leesburg, VA"
JX631200,"USA: Leesburg, VA"
JX631201,"USA: Herndon, VA"
JX631202,"USA: Herndon, VA"
JX631203,"USA: Herndon, VA"
JX631204,"USA: Leesburg, VA"
JX913809,South Korea
JX913810,South Korea
JX913811,South Korea
JX913812,South Korea
JX913813,South Korea
JX913814,South Korea
JX913815,South Korea
JX913816,South Korea
JX161869,New Zealand
JX161870,New Zealand
JX161871,New Zealand
JX161872,New Zealand
JX161873,New Zealand
JX161874,New Zealand
JX161875,New Zealand
JX161876,New Zealand
JX161877,New Zealand
JX161878,New Zealand
JX161879,New Zealand
JX161880,New Zealand
JX161881,New Zealand
JX161882,New Zealand
JX161883,New Zealand
JX161884,New Zealand
JX161885,New Zealand
JX161886,New Zealand
JX161887,New Zealand
JX161888,New Zealand
JX161896,New Zealand
JX161897,New Zealand
JX161898,New Zealand
JX161899,New Zealand
JX161900,New Zealand
JX161901,New Zealand
JX161902,New Zealand
JX161903,New Zealand
JX161904,New Zealand
JX161905,New Zealand
JX161906,New Zealand
JX161907,New Zealand
JX161908,New Zealand
JX161909,New Zealand
JX161910,New Zealand
JX161911,New Zealand
JX161912,New Zealand
JX161913,New Zealand
JX161914,New Zealand
JX161915,New Zealand
JX161916,New Zealand
JX161917,New Zealand
JX161918,New Zealand
JX161919,New Zealand
JX161920,New Zealand
JX161921,New Zealand
JX161922,New Zealand
JX161923,New Zealand
JX161924,New Zealand
JX161925,New Zealand
JX161926,New Zealand
JX161927,New Zealand
JX161928,New Zealand
JX161929,New Zealand
JX161930,New Zealand
JX161931,New Zealand
JX161932,New Zealand
JX161933,New Zealand
JX161934,New Zealand
JX161935,New Zealand
JX161936,New Zealand
JX161937,New Zealand
JX161938,New Zealand
JX161939,New Zealand
JX161940,New Zealand
JX161941,New Zealand
JX161942,New Zealand
JX161943,New Zealand
JX161944,New Zealand
JX161945,New Zealand
JX161946,New Zealand
JX161947,New Zealand
JX161948,New Zealand
JX161949,New Zealand
JX161950,New Zealand
JX161951,New Zealand
JX161952,New Zealand
JX161953,New Zealand
JX161954,New Zealand
JX161955,New Zealand
JX161956,New Zealand
JX161957,New Zealand
JX161958,New Zealand
JX161959,New Zealand
JX161960,New Zealand
JX161961,New Zealand
JX161962,New Zealand
JX161963,New Zealand
JX161964,New Zealand
JX161965,New Zealand
JX161966,New Zealand
JX161967,New Zealand
JX161968,New Zealand
JX161969,New Zealand
JX161970,New Zealand
JX161971,New Zealand
JX161972,New Zealand
JX161973,New Zealand
JX161974,New Zealand
JX161975,New Zealand
JX161976,New Zealand
JX161977,New Zealand
JX161978,New Zealand
JX161979,New Zealand
JX161980,New Zealand
JX161981,New Zealand
JX161982,New Zealand
JX161983,New Zealand
JX161984,New Zealand
JX161985,New Zealand
JX161986,New Zealand
JX161987,New Zealand
JX161988,New Zealand
JX161989,New Zealand
JX161990,New Zealand
JX161991,New Zealand
JX161992,New Zealand
JX161993,New Zealand
JX161994,New Zealand
JX161995,New Zealand
JX161996,New Zealand
JX161997,New Zealand
JX161998,New Zealand
JX161999,New Zealand
JX162000,New Zealand
JX162001,New Zealand
JX162002,New Zealand
JX162003,New Zealand
JX162004,New Zealand
JX162005,New Zealand
JX162006,New Zealand
JX162007,New Zealand
JX162008,New Zealand
JX162009,New Zealand
JX162010,New Zealand
JX162011,New Zealand
JX162013,New Zealand
JX843818,China
JX843819,China
JX843820,China
KC413984,China
KC413985,China
KC413986,China
KC405625,China
KC405626,China
KC405627,China
KC405628,China
KF372647,Iraq: Baghdad
KF372648,Iraq: Baghdad
KF372649,Iraq: Baghdad
KF372650,Iraq: Baghdad
KF372658,Iraq: Baghdad
KF372659,Iraq: Baghdad
KC788506,Brazil: city of Nova Friburgo
KF870886,Canada: Alberta
KF870887,Canada: Alberta
KF870888,Canada: Alberta
KF870889,Canada: Alberta
KF870890,Canada: Alberta
KF870891,Canada: Alberta
KF870892,Canada: Alberta
KF870893,Canada: Alberta
KF870894,Canada: Alberta
KF870895,Canada: Alberta
KF870896,Canada: Alberta
KF870897,Canada: Alberta
KF870898,Canada: Alberta
KF870899,Canada: Alberta
KF870900,Canada: Alberta
KF870901,Canada: Alberta
KF870902,Canada: Alberta
KF870903,Canada: Alberta
KF870904,Canada: Alberta
KF870905,Canada: Alberta
KF870906,Canada: Alberta
KF870907,Canada: Alberta
KF870908,Canada: Alberta
KF870909,Canada: Alberta
KF870910,Canada: Alberta
KF870911,Canada: Alberta
KF870912,Canada: Alberta
KF870913,Canada: Alberta
KF870914,Canada: Alberta
KF870915,Canada: Alberta
KF870916,Canada: Manitoba
KF870917,Canada: Manitoba
KF870918,Canada: Manitoba
KF870919,Canada: Manitoba
KF870920,Canada: Manitoba
KF870921,Canada: Manitoba
KF870922,Canada: Manitoba
KF870923,Canada: Manitoba
KF870924,Canada: Manitoba
KF870925,Canada: Manitoba
KF870926,Canada: Manitoba
KF870927,Canada: Manitoba
KF870928,Canada: Manitoba
KF870929,Canada: Manitoba
KF870930,Canada: Manitoba
KF870931,Canada: Manitoba
KF870932,Canada: Manitoba
KF870933,Canada: Manitoba
KF870934,Canada: Manitoba
KF870935,Canada: Manitboa
KF870936,Canada: Manitoba
KF870937,Canada: Manitoba
KF870938,Canada: Manitoba
KF870939,Canada: Manitoba
KF870941,Canada: Manitoba
KF870942,Canada: Manitoba
KF870943,Canada: Manitoba
KF870944,Canada: Manitoba
KF870945,Canada: Manitoba
KF870946,Canada: Manitoba
KF870947,Canada: Manitoba
KF870948,Canada: Manitoba
KF870949,Canada: Manitoba
KF870950,Canada: Manitoba
KF870951,Canada: Manitoba
KF870952,Canada: Manitoba
KF870953,Canada: Saskatchewan
KF870954,Canada: Saskatchewan
KF870955,Canada: Saskatchewan
KF870956,Canada: Saskatchewan
KF870957,Canada: Saskatchewan
KF870958,Canada: Saskatchewan
KF870959,Canada: Saskatchwan
KF870960,Canada: Saskatchewan
KF870961,Canada: Saskatchewan
KF870962,Canada: Saskatchewan
KF870963,Canada: Saskatchewan
KF870964,Canada: Saskatchewan
KF870965,Canada: Saskatchewan
KF870966,Canada: Saskatchewan
KF870967,Canada: Saskatchewan
KF870968,Canada: Saskatchewan
KF870969,Canada: Saskatchewan
KF870970,Canada: Saskatchewan
KF870971,Canada: Saskatchewan
KF870972,Canada: Saskatchewan
KF870973,Canada: Saskatchewan
KF870974,Canada: Saskatchewan
KF870975,Canada: Saskatchewan
KF870976,Canada: Saskatchewan
KF870977,Canada: Saskatchwan
KF870978,Canada: Saskatchwan
KF870979,Canada: Saskatchwan
KF870980,Canada: Saskatchwan
KF870981,Canada: Saskatchwan
KF870982,Canada: Saskatchwan
KF870983,Canada: Saskatchwan
KF870984,Canada: Saskatchwan
KF870985,Canada: Saskatchwan
KF870986,Canada: Saskatchwan
KF870987,Canada: Saskatchwan
KF870988,Canada: Saskatchewan
KF870989,Canada: Saskatchewan
KF870990,Canada: Saskatchewan
KF870991,Canada: Saskatchewan
KF870992,Canada: Saskatchewan
KF870993,Canada: Saskatchewan
KF870994,Canada: Saskatchewan
KF870995,Canada: Saskatchewan
KF870996,Canada: Saskatchewan
KF870997,Canada: Saskatchewan
KJ652221,Mexico
KJ777547,South Africa
KJ777555,South Africa
KJ777562,South Africa
KM013470,Laos
KM013471,Laos
KM283226,Malaysia
KM283227,Malaysia
KM283228,Malaysia
KM283230,Malaysia
KM283231,Malaysia
KM283232,Malaysia
KM283233,Malaysia
KM283234,Malaysia
KF959669,India
KF959670,India
KF959671,India
KF959672,India
KF959673,India
KF959674,India
KF959675,India
KF959676,India
KF959678,India
KF959679,India
KF959680,India
KF959681,India
KF959682,India
KF959683,India
KF959684,India
KF959685,India
KF959686,India
KF959687,India
KF959688,India
KF959689,India
KF959690,India
KF959691,India
KF959692,India
KF959693,India
KF959694,India
KF959695,India
KF959696,India
KF959697,India
KF959698,India
KF959699,India
KF959700,India
KF959701,India
KF959702,India
KF959703,India
KF959704,India
KF959705,India
KF959706,India
KF959707,India
KF959708,India
KF959709,India
KF959710,India
KF959711,India
KF959712,India
KF959713,India
KF959714,India
KF959715,India
KF959716,India
KF959717,India
KF959718,India
KF959719,India
KF959720,India
KF959721,India
KF959722,India
KF959723,India
KF959724,India
KF959725,India
KF959726,India
KF959727,India
KF959728,India
KF959729,India
KF959730,India
KM659188,Finland
KM659189,Finland
KM659190,Finland
KM659191,Finland
KM659192,Finland
KM659193,Finland
KM659194,Finland
KM659195,Finland
KM659196,Finland
KM659197,Finland
KM659198,Finland
KP689200,"China: Jiangxi province, Mt. Jinggang"
KP059879,Brazil
KP013069,China
KP013070,China
KP013071,China
KP013072,China
KP662690,China
KP662691,China
KP662692,China
KP662693,China
KP202862,South Korea
KP171634,Panama
KP411232,China
KP411233,China
KP411234,China
KP411235,China
KP736173,"Argentina: Tartagal, Salta"
KP736175,"Argentina: Tartagal, Salta"
KP736176,"Argentina: Tartagal, Salta"
KP736177,"Argentina: Tartagal, Salta"
KP736178,"Argentina: Tartagal, Salta"
KP736179,"Argentina: Tartagal, Salta"
KP736180,"Argentina: Tartagal, Salta"
KP736181,"Argentina: Tartagal, Salta"
KP736196,"Argentina: San Agustin, Tucuman"
KP736197,"Argentina: San Agustin, Tucuman"
KR005947,China
KR005948,China
KR005949,China
KR005950,China
KR005951,China
KR005952,China
KR005953,China
KR005954,China
KR005955,China
KR005956,China
KR005957,China
KR005958,China
KR005959,China
KR005960,China
KR005961,China
KR005962,China
KR005963,China
KR005964,China
KR005965,China
KR005966,China
KR005967,China
KR005968,China
KR005969,China
KR005970,China
KR005971,China
KR005972,China
KR005973,China
KR005974,China
KR005975,China
KR005976,China
KR005977,China
KR005978,China
KR005979,China
KR005980,China
KR005981,China
KR005982,China
KR005983,China
KR005984,China
KR005985,China
KR005986,China
KR005987,China
KR005988,China
KR005989,China
KR005990,China
KR005991,China
KR005992,China
KR005993,China
KR005994,China
KR005995,China
KR005996,China
KR005997,China
KR005998,China
KR005999,China
KR006000,China
KR006001,China
KR006002,China
KR006003,China
KR006004,China
KR006005,China
KR006006,China
KR006007,China
KR006008,China
KR006009,China
KR006010,China
KR006011,China
KR006012,China
KR006013,China
KR006014,China
KR006015,China
KR006016,China
KR006017,China
KR006018,China
KR006019,China
KR006020,China
KR006021,China
KR006022,China
KR006023,China
KR006024,China
KR006025,China
KR006026,China
KR006027,China
KR006028,China
KR006029,China
KR006030,China
KR006031,China
KR006032,China
KR006033,China
KR006034,China
KR006035,China
KR006036,China
KR006037,China
KR006038,China
KR006039,China
KR006040,China
KR006041,China
KR006042,China
KR006043,China
KR006044,China
KR006045,China
KR006046,China
KR006047,China
KR006048,China
KR006049,China
KR006050,China
KR006051,China
KR006052,China
KR006053,China
KR006054,China
KR006055,China
KR006056,China
KR006057,China
KR006058,China
KR006059,China
KR006060,China
KR006061,China
KR006062,China
KR006063,China
KR006064,China
KR006065,China
KR006066,China
KR006067,China
KR006068,China
KR006069,China
KR006070,China
KR006071,China
KR006072,China
KR006073,China
KR006074,China
KR006075,China
KR006076,China
KR006077,China
KR006078,China
KR006079,China
KR006080,China
KR006081,China
KR006082,China
KR006083,China
KR006084,China
KR006085,China
KR006086,China
KR006087,China
KR006088,China
KR006089,China
KR006090,China
KR006091,China
KR006092,China
KR006093,China
KR006094,China
KR006095,China
KR006096,China
KR006097,China
KR006098,China
KR006099,China
KR006100,China
KR006101,China
KR006102,China
KR006103,China
KR006104,China
KR006105,China
KR006106,China
KR006107,China
KR006108,China
KR006109,China
KR006110,China
KR006111,China
KR006112,China
KR006113,China
KR006114,China
KR006115,China
KR006116,China
KR006117,China
KR006118,China
KR006119,China
KR006120,China
KR006121,China
KR006122,China
KR006123,China
KR006124,China
KR006125,China
KR006126,China
KR006127,China
KR006128,China
KR006129,China
KR006130,China
KR006131,China
KR006132,China
KR006133,China
KR006134,China
KR006135,China
KR006136,China
KR006137,China
KR006138,China
KR006139,China
KR006140,China
KR006141,China
KR006142,China
KR006143,China
KR006144,China
KR006145,China
KR006146,China
KR006147,China
KR006148,China
KR006149,China
KR006150,China
KR006151,China
KR006152,China
KR006153,China
KR006154,China
KR006155,China
KR006156,China
KR006157,China
KR006158,China
KR006159,China
KR006160,China
KR006161,China
KR006162,China
KR006163,China
KR006164,China
KR006165,China
KR006166,China
KR006167,China
KR006168,China
KR006169,China
KR006170,China
KR006171,China
KR006172,China
KR006173,China
KR006174,China
KR006175,China
KR006176,China
KR006177,China
KR006178,China
KR006179,China
KR006180,China
KR006181,China
KR006182,China
KR006183,China
KR006184,China
KR006185,China
KR006186,China
KR006187,China
KR006188,China
KR006189,China
KR006190,China
KR006191,China
KR006192,China
KR006193,China
KR006194,China
KR006195,China
KR006196,China
KR006197,China
KR006198,China
KR006199,China
KR006200,China
KR006201,China
KR006202,China
KR006203,China
KR006204,China
KR006205,China
KR006206,China
KR006207,China
KR006208,China
KR006209,China
KR006210,China
KR006211,China
KR006212,China
KR006213,China
KR006214,China
KR006215,China
KR006216,China
KR006217,China
KR006218,China
KR006219,China
KR006220,China
KR006221,China
KR006222,China
KR006223,China
KR006224,China
KR006225,China
KR006226,China
KR006227,China
KR006228,China
KR006229,China
KR006230,China
KR006231,China
KR006232,China
KR006233,China
KR006234,China
KR006235,China
KR006236,China
KR006237,China
KR006238,China
KR259893,China
KR259894,China
KR259895,China
KR259896,China
KR259903,China
KR259904,China
KR259910,China
KR259911,China
KR259912,China
KR259913,China
KR259914,China
KR259916,China
KR259919,China
KR259924,China
KR259925,China
KR259926,China
KR259931,China
KR259934,China
KR259936,China
KR259938,China
KR259939,China
KR259940,China
KR259941,China
KR259944,China
KT583224,Cyprus: Nicosia
KT583225,Cyprus: Nicosia
KT583226,Cyprus: Nicosia
KT583227,Cyprus: Nicosia
KT583228,Cyprus: Nicosia
KT583229,Cyprus: Nicosia
KT583230,Cyprus: Ammochostos
KT583231,Cyprus: Nicosia
KT583232,Cyprus: Nicosia
KT583233,Cyprus: Nicosia
KT583234,Cyprus: Nicosia
KT583235,Cyprus: Nicosia
KT583236,Cyprus: Nicosia
KT583237,Cyprus: Nicosia
KT583238,Cyprus: Nicosia
KT583239,Cyprus: Nicosia
KT583240,Cyprus: Nicosia
KT583241,Cyprus: Nicosia
KT583242,Cyprus: Nicosia
KT583243,Cyprus: Nicosia
KT583244,Cyprus: Nicosia
KT583245,Cyprus: Nicosia
KT583246,Cyprus: Nicosia
KT583247,Cyprus: Nicosia
KT583248,Cyprus: Nicosia
KT583249,Cyprus: Nicosia
KT583250,Cyprus: Nicosia
KT583251,Cyprus: Nicosia
KT583252,Cyprus: Nicosia
KT583253,Cyprus: Nicosia
KT583254,Cyprus: Nicosia
KT583255,Cyprus: Nicosia
KT583256,Cyprus: Nicosia
KT583257,Cyprus: Nicosia
KT583258,Cyprus: Pafos
KT583259,Cyprus: Pafos
KT583260,Cyprus: Pafos
KT583261,Cyprus: Pafos
KT583262,Cyprus: Pafos
KT583263,Cyprus: Pafos
KT583264,Cyprus: Pafos
KT583265,Cyprus: Pafos
KT583266,Cyprus: Pafos
KT583267,Cyprus: Pafos
KT583268,Cyprus: Pafos
KT583269,Cyprus: Pafos
KT583270,Cyprus: Pafos
KT583271,Cyprus: Pafos
KT583272,Cyprus: Pafos
KT583273,Cyprus: Pafos
KT583274,Cyprus: Pafos
KT583275,Cyprus: Pafos
KT583276,Cyprus: Pafos
KT583277,Cyprus: Pafos
KT583278,Cyprus: Ammochostos
KT583279,Cyprus: Ammochostos
KT583280,Cyprus: Ammochostos
KT583281,Cyprus: Ammochostos
KT583282,Cyprus: Ammochostos
KT583283,Cyprus: Ammochostos
KT583284,Cyprus: Ammochostos
KT583285,Cyprus: Ammochostos
KT583286,Cyprus: Ammochostos
KT583287,Cyprus: Ammochostos
KT583288,Cyprus: Ammochostos
KT583289,Cyprus: Ammochostos
KT583290,Cyprus: Ammochostos
KT583291,Cyprus: Ammochostos
KJ170315,China
KJ170316,China
KJ170317,China
KJ170318,China
KJ170319,China
KJ170320,China
KJ170321,China
KJ170322,China
KJ170323,China
KJ170324,China
KJ170325,China
KJ170326,China
KJ170327,China
KJ170328,China
KJ170329,China
KJ170330,China
KJ170331,China
KJ170332,China
KJ170333,China
KJ170334,China
KJ170335,China
KJ170336,China
KJ170337,China
KJ170338,China
KJ170339,China
KJ170340,China
KJ170341,China
KJ170342,China
KJ170343,China
KJ170344,China
KJ170345,China
KJ170346,China
KJ170347,China
KJ170348,China
KJ170349,China
KJ170350,China
KJ170351,China
KJ170352,China
KJ170353,China
KJ170354,China
KJ170355,China
KJ170356,China
KJ170357,China
KJ170358,China
KJ170359,China
KJ170360,China
KJ170361,China
KJ170362,China
KJ170363,China
KJ170364,China
KJ170365,China
KP978016,China
KT345948,United Kingdom
KT783526,USA
KT268504,Croatia
KT268768,Croatia
KT269425,France
KT269974,Germany
KT286731,China
KT286732,China
KT366922,India
KU360630,China
KU863546,Tunisia
KU216129,United Kingdom
KX101052,China: zhejiang
KX101053,China: zhejiang
KX118336,USA: Illinois
KX118338,USA: Illinois
KX118339,USA: Illinois
KX118340,USA: Illinois
KX118341,USA: Illinois
KX118342,USA: Illinois
KX118343,USA: Illinois
KX118344,USA: Illinois
KX118345,USA: Illinois
KX118346,USA: Illinois
KX118347,USA: Illinois
KX118348,USA: Illinois
KX118349,USA: Illinois
KX118350,USA: Illinois
KX118352,USA: Illinois
KX118353,USA: Illinois
KX118356,USA: Arkansas
KX118358,USA: Arkansas
KX118363,USA: Arkansas
KX118367,USA: Illinois
KX118372,Canada: Ontario
KX118373,Canada: Ontario
KX118381,USA: Illinois
KX118382,USA: Illinois
KX118390,Canada: Ontario
KX118391,Canada: Ontario
KX118392,USA: Illinois
KX118394,USA: Illinois
KX118396,USA: Illinois
KX118397,USA: Illinois
KX130695,Italy
KX130696,Italy
KX130697,Italy
KX130698,Italy
KX130699,Italy
KX130700,Italy
KX130701,Italy
KX130702,Italy
KX130703,Italy
KX130704,Italy
KX130705,Italy
KX130706,Italy
KX130707,Italy
KX130708,Italy
KX130709,Italy
KX130710,Italy
KX130711,Italy
KX130712,Italy
KX130713,Italy
KX130714,Italy
KX130715,Italy
KX130716,Italy
KX130718,Italy
KX130719,Italy
KX130720,Italy
KX130721,Italy
KX130722,Italy
KX130723,Italy
KX130724,Italy
KX130725,Italy
KX397678,India
KU578340,Canada
KU321570,USA
KX646540,Iran
KY684287,Oman
KY684288,Oman
KX583261,Mexico
KX583262,Mexico
KX583263,Mexico
MF193914,France
MF193915,France
MF193916,France
MF193917,France
MF193918,France
MF193919,France
MF193920,France
MF193921,France
MF193922,France
MF193923,France
MF193924,France
MF193925,France
MF193926,France
MF193927,France
MF193928,France
MF193929,France
MF193930,France
MF193931,France
MF193932,France
MF193933,France
MF193934,France
MF193935,France
MF193936,France
MF193937,France
MF193938,France
MF193939,France
MF193940,France
MF193941,France
MF193942,France
MF193943,France
MF193944,France
MF193945,France
MF193946,France
MF193947,France
MF193948,France
MF193949,France
MF193950,France
MF193951,France
MF193952,France
MF193953,Belgium
MF193954,Belgium
MF193955,Belgium
MF193956,Belgium
MF193957,France
MF193958,France
MF193959,France
MF193960,France
MF193961,France
MF193962,France
MF193963,France
MF193964,France
MF193965,France
MF193966,France
MF193967,France
MF193968,France
MF193969,France
MF193970,France
MF193971,France
MF193972,France
MF193973,France
MF193974,France
MF193975,France
MF193976,France
MF193977,France
MF193978,France
MF193979,France
MF193980,France
MF193981,France
MF193982,France
MF193983,France
MF193984,France
MF193985,France
MF193986,France
MF193987,France
MF193988,France
MF193989,France
MF193990,France
MF193991,France
MF193992,France
MF193993,France
MF193994,France
MF193995,France
MF193996,France
MF193997,France
MF193998,France
MF193999,France
MF194000,France
MF194001,France
MF194002,France
MF194003,France
MF194004,France
MF194005,France
MF194006,France
MF194007,France
MF194008,Belgium
MF194009,Belgium
MF194010,Belgium
MF194011,Belgium
MF194012,Belgium
MF194013,Belgium
MF194014,Belgium
MF194015,Belgium
MF194016,Belgium
KX810067,Poland
KX810068,Poland
KT366772,Brazil
KT366773,Brazil
KT366774,Brazil
KT366775,Brazil
KT366776,Brazil
KT366777,Brazil
KT366778,Brazil
KT366779,Brazil
KT366780,Brazil
KT366781,Brazil
KT366782,Brazil
KT366783,Brazil
KT366784,Brazil
KT366785,Brazil
KT366786,Brazil
KT366787,Brazil
KT366788,Brazil
KT366789,Brazil
KT366790,Brazil
KT366791,Brazil
KT366792,Brazil
KT366793,Brazil
KT366794,Brazil
KT366795,Brazil
KT366796,Brazil
KT366797,Brazil
KT366798,Brazil
KT366799,Brazil
KT366800,Brazil
KT366801,Brazil
KT366802,Brazil
KT366803,Brazil
KT366804,Brazil
KT366805,Brazil
KT366806,Brazil
KT366807,Brazil
KT366808,Brazil
KT366809,Brazil
KT366810,Brazil
KT366811,Brazil
KT366812,Brazil
KT366813,Brazil
KT366814,Brazil
KT366815,Brazil
KT366816,Brazil
KT366817,Brazil
KT366818,Brazil
KT366819,Brazil
KT366820,Brazil
MF972486,USA
MF138105,Pakistan
MG515404,Turkey
MG515405,Turkey
MG515406,Turkey
MG515408,Turkey
MG515409,Turkey
MG384802,"Italy: northern Italy, Biella"
KY351637,Brazil: Vicosa
KY964496,Tunisia
KY964497,Tunisia
KY964498,Tunisia
KY964499,Tunisia
MG813254,USA: Texas
MG548644,Pakistan
MG548645,Pakistan
MG548646,Pakistan
MG548647,Pakistan
MG548648,Pakistan
MF447834,"China: Pan'an, Zhejiang"
MG589761,China
MF085062,Brazil
MF085063,Brazil
MF085064,Brazil
MF085065,Brazil
MF085066,Brazil
MF085067,Brazil
MF085068,Brazil
MF085069,Brazil
MF085070,Brazil
MF093753,"Mexico: Delicias, Chih."
MH231493,Turkey
MH231494,Turkey
MH231495,Turkey
MH231496,Turkey
MH231497,Turkey
MH231498,Turkey
MH231499,Turkey
MH231500,Turkey
MH231501,Turkey
MH231502,Turkey
MH231503,Turkey
MH231504,Turkey
MH231505,Turkey
MH231506,Turkey
MH231507,Turkey
MH231508,Turkey
MH231509,Turkey
MH231510,Turkey
MH231511,Turkey
MH231512,Turkey
MH231513,Turkey
MH231514,Turkey
MH231515,Turkey
MG264304,Brazil
MG264305,Brazil
MG264306,Brazil
MG264307,Brazil
MG264308,Brazil
MG264309,Brazil
MG264310,Brazil
MG264311,Brazil
MG264312,Brazil
MG264313,Brazil
MG264314,Brazil
MG264315,Brazil
MG264316,Brazil
MH266060,USA: Nebraska
MH266061,USA: Nebraska
MH266062,USA: Nebraska
MH266063,USA: Nebraska
MF474259,"USA: Monterey County, California"
MF474260,"USA: Ventura, California"
MH714869,China
MH861503,Germany
MH861562,Netherlands
MH861563,Netherlands
MH861564,Netherlands
MH861565,Netherlands
MH861566,Netherlands
MH861567,Netherlands
MH861568,Netherlands
MH861569,Netherlands
MH861731,Japan
MH861739,Netherlands
MH861740,Netherlands
MH861741,Netherlands
MH861742,Netherlands
MH861743,Netherlands
MH862636,Netherlands
MH862637,Netherlands
MH862638,Netherlands
MH862639,Netherlands
MH862640,Netherlands
MH862641,Netherlands
MH862642,Netherlands
MH862643,Netherlands
MH862752,Netherlands
MH862753,Japan
MH862756,Japan
MH862758,Japan
MH863393,Italy
MH863394,Italy
MG923316,Brazil
MG844369,Pakistan
MG844370,Pakistan
MG844371,Pakistan
MG844372,Pakistan
MG844373,Pakistan
MG844374,Pakistan
MG844375,Pakistan
MG844376,Pakistan
MG844377,Pakistan
MG844378,Pakistan
MG844379,Pakistan
MG844380,Pakistan
MG844381,Pakistan
MH172542,China
MH172543,China
MH172544,China
MH172545,China
MH172546,China
MH172547,China
MH172548,China
MH172549,China
MH172550,China
MH172551,China
MH172552,China
MH172553,China
MH172554,China
MH172555,China
MH172556,China
MH172557,China
MH172558,China
MH172559,China
MH172560,China
MH172561,China
MH172562,China
MH172563,China
MH172564,China
MH172565,China
MH172566,China
MH172567,China
MH172569,China
MH172570,China
MH172571,China
MH172572,China
MH172573,China
MH172574,China
MH172575,China
MH172576,China
MH172578,China
MH172579,China
MH172580,China
MH172581,China
MH172582,China
MH172583,China
MH172584,China
MH172585,China
MH172586,China
MH172587,China
MH172588,China
MH172589,China
MH172590,China
MH172591,China
MH172592,China
MH172593,China
MH172594,China
MH172595,China
MH172596,China
MH172597,China
MH172598,China
MH172599,China
MH172600,China
MH172601,China
MH172602,China
MH172603,China
MH172608,China
MH172618,China
MH172619,China
MH172620,China
MH172621,China
MH172622,China
MH172623,China
MH172624,China
MH172625,China
MH172626,China
MH172627,China
MH172628,China
MH172632,China
MH172635,China
MH172637,China
MH172638,China
MH172639,China
MH172640,China
MH172641,China
MH172642,China
MH172643,China
MH172644,China
MH172645,China
MH172646,China
MH172647,China
MH172648,China
MH172649,China
MH172650,China
MH172651,China
MH172652,China
MH172653,China
MH172654,China
MH172655,China
MH172656,China
MH172657,China
MH172658,China
MH172659,China
MH172660,China
MH172661,China
MH172662,China
MH172663,China
MH172664,China
MH172665,China
MH172666,China
MH172667,China
MH172669,China
MH172672,China
MH172673,China
MH172674,China
MH172675,China
MH172676,China
MH172677,China
MH172678,China
MH172679,China
MK123309,Serbia
MK123311,Serbia
MH259594,Brazil
MK288031,China
MK288032,China
MK336664,China
MK336665,China
MK336666,China
MK336667,China
MK336668,China
MK336669,China
MK336670,China
MK336671,China
MK336672,China
MK336673,China
MK336674,China
MK336675,China
MK336676,China
MK336677,China
MK336678,China
MK336679,China
MK336680,China
MK336681,China
MK336682,China
MK336683,China
MK336684,China
MK336685,China
MK336686,China
MK336687,China
MK336688,China
MK336689,China
MK336690,China
MK336691,China
MK336692,China
MK336693,China
MK336694,China
MK336695,China
MK336696,China
MK336697,China
MK336698,China
MK336699,China
MK336700,China
MK336701,China
MK336702,China
MK336703,China
MK336704,China
MK336705,China
MK336706,China
MK336707,China
MK336708,China
MK336709,China
MK336710,China
MK336711,China
MK336712,China
MK336713,China
MK430998,Italy
MK517535,USA
MK571891,China
MK571902,China
MK571909,China
MK571910,China
MK571911,China
MK571915,China
MK571932,China
MK571937,China
MK571939,China
MK571940,China
MK571942,China
MK571943,China
MK571946,China
MK571957,China
MK571958,China
MK571961,China
MK571966,China
MK571970,China
MK571975,China
MK571977,China
MK571978,China
MK571979,China
MK571991,China
MK571993,China
MK571995,China
MK583626,Belgium
MK583627,Belgium
MK583628,Belgium
MK583629,Belgium
MK583630,Belgium
MK583631,Belgium
MK583632,Belgium
MK583633,Belgium
MK583634,Belgium
MK583635,Belgium
MK583636,Belgium
MK583637,Belgium
MK583638,Belgium
MK583639,Belgium
MK583640,Belgium
MK583641,Belgium
MK583642,Belgium
MK583643,Belgium
MK583644,Belgium
MK583645,Belgium
MK583646,Belgium
MK583647,Belgium
MK583648,Belgium
MK583649,Belgium
MK583650,Belgium
MK583651,Belgium
MK594549,USA: Arkansas
MK594550,USA: Arkansas
MK594552,USA: Arkansas
MK594560,USA: Arkansas
MK594561,USA: Arkansas
MK594953,USA: Arkansas
MH675546,"China: Hebei, Guyuan"
MK734392,Brazil
MK734393,Brazil
MK734394,Colombia
MK734395,Colombia
MK734396,Colombia
MK734397,Colombia
MK734398,Colombia
MK734399,Brazil
MK734400,Brazil
MK734401,Brazil
MK734402,Brazil
MK734403,Brazil
MK734404,Brazil
MK734405,Brazil
MK734406,Brazil
MK734407,Brazil
MK734408,Brazil
MK734409,Brazil
MK734410,Brazil
MK734411,Brazil
MK734412,Brazil
MK734413,Brazil
MK734414,Brazil
MK734415,Brazil
MK734416,Brazil
MK734417,Brazil
MK734418,Brazil
MK749437,Brazil
MK749438,Brazil
MK749439,Colombia
MK749440,Colombia
MK749441,Colombia
MK749442,Colombia
MK749443,Colombia
MK749444,Brazil
MK788126,South Korea
MN053033,USA
MN053034,USA
MN106336,Turkey
MN106337,Turkey
MN106338,Turkey
MN106339,Turkey
MN106340,Turkey
MN106341,Turkey
MN160664,USA: Nebraska
MN160665,USA: Nebraska
MN160666,USA: Nebraska
MN160669,USA: Nebraska
MN160670,USA: Nebraska
MN160671,USA: Nebraska
MN160672,USA: Nebraska
MN160673,USA: Nebraska
MN160674,USA: Nebraska
MN160675,USA: Nebraska
MN160676,USA: Nebraska
MN160677,USA: Nebraska
MN160678,USA: Nebraska
MN160679,USA: Nebraska
MN160680,USA: Nebraska
MN160681,USA: Nebraska
MN160682,USA: Nebraska
MN160683,USA: Nebraska
MN160684,USA: Nebraska
MN160685,USA: Nebraska
MN160689,USA: Nebraska
MN160690,USA: Nebraska
MN160691,USA: Nebraska
MN160692,USA: Nebraska
MN160693,USA: Nebraska
MN160694,USA: Nebraska
MN160695,USA: Nebraska
MN160696,USA: Nebraska
MN160697,USA: Nebraska
MN160698,USA: Nebraska
MN160699,USA: Nebraska
MN160700,USA: Nebraska
MN160701,USA: Nebraska
MN160702,USA: Nebraska
MN160704,USA: Nebraska
MN160705,USA: Nebraska
MN160706,USA: Nebraska
MN160707,USA: Nebraska
MN202752,China: Fuzhou
MN258586,Jordan
MN258591,Jordan
MN258592,Jordan
MN258593,Jordan
MN258594,Jordan
MN258595,Jordan
MN258596,Jordan
MN258597,Jordan
MN258598,Jordan
MN258599,Jordan
MN258600,Jordan
MN258601,Jordan
MN258602,Jordan
MN258603,Jordan
MN258604,Jordan
MN258605,Jordan
MN258606,Jordan
MN258607,Jordan
MN258608,Jordan
MN258609,Jordan
MN258610,Jordan
MN264600,Mexico
MN264601,Mexico
MN264602,Mexico
MN264603,Mexico
MN264604,Mexico
MN264605,Mexico
MN264606,Mexico
MN264607,Mexico
MN264608,Mexico
MN264609,Mexico
MN264610,Mexico
MN264611,Mexico
MN264612,Mexico
MN264613,Mexico
MN264614,Mexico
MN265839,Turkey
MN265840,Turkey
MN265844,Turkey
MN265836,Turkey
MN265837,Turkey
MN265838,Turkey
MN265845,Turkey
MN265846,Turkey
MN265849,Turkey
MN265850,Turkey
MN265851,Turkey
MN265852,Turkey
MN265853,Turkey
MN271684,Turkey
MN271685,Turkey
MN271686,Turkey
MN271687,Turkey
MN417231,"China: Pu'er City, Yunnan Province"
MN421911,"Brazil: Para, Belem"
MN421912,"Brazil: Para, Belem"
MN421913,"Brazil: Manaus, Amazonas"
MN421914,"Brazil: Xapuri/Rio Branco, Acre and Manaus, Amazonas"
MN421915,"Brazil: Para, Benevides"
MN421916,"Brazil: Para, Belem"
MN421917,"Brazil: Manaus, Amazonas"
MN421918,"Brazil: Manaus, Amazonas"
MN421919,"Brazil: Manaus, Amazonas"
MN421920,"Brazil: Xapuri/Rio Branco, Acre"
MN451919,USA: Arkansas
MN452161,USA: Michigan
MN452178,USA: Iowa
MN452758,USA: Arkansas
MN472867,China
MN472868,China
MN472869,China
MN472877,China
MN472878,China
MN472879,China
MN472880,China
MN472881,China
MN472882,China
MN472883,China
MN472884,China
MN472885,China
MN472886,China
MN472887,China
MN472889,China
MN472890,China
MN472891,China
MN472892,China
MN472893,China
MN472894,China
MN472895,China
MN472896,China
MN472897,China
MN472898,China
MN472899,China
MN472900,China
MN472901,China
MN472902,China
MN472903,China
MN472904,China
MN472905,China
MN640914,Turkey
MN640915,Turkey
MN640916,Turkey
MN640917,Turkey
MN640918,Turkey
MN640919,Turkey
MN640920,Turkey
MN640921,Turkey
MN640922,Turkey
MN640923,Turkey
MN640924,Turkey
MN640925,Turkey
MN640926,Turkey
MN640927,Turkey
MN640929,Turkey
MN640930,Turkey
MN640931,Turkey
MN640932,Turkey
MN640933,Turkey
MN640934,Turkey
MN640935,Turkey
MN640936,Turkey
MN640937,Turkey
MN640938,Turkey
MN640939,Turkey
MN640940,Turkey
MN640941,Turkey
MN640942,Turkey
MN640943,Turkey
MN640944,Turkey
MN640945,Turkey
MN640946,Turkey
MN640947,Turkey
MN640948,Turkey
MN640949,Turkey
MN640950,Turkey
MN640951,Turkey
MN640952,Turkey
MN640953,Turkey
MN640954,Turkey
MN640955,Turkey
MN640956,Turkey
MN640957,Turkey
MN640958,Turkey
MN640959,Turkey
MN749891,China
MN752211,China
MN809147,India
MN853684,USA
MN872375,Turkey
MN872376,Turkey
MN872377,Turkey
MN872378,Turkey
MN890125,Turkey
MN891692,Turkey
MN891693,Turkey
MN891694,Turkey
MN891695,Turkey
MN891696,Turkey
MN891697,Turkey
MN891698,Turkey
KX810069,Poland
MN956341,Russia
MN956342,Russia
MN956343,Russia
MN956344,Russia
MN956345,Russia
MN956346,Russia
MN956347,Russia
MN956348,Russia
MN956349,Russia
MN956350,Russia
MN956351,Russia
MN956352,Russia
MN956353,Russia
MN956354,Russia
MN956355,Russia
MN956356,Russia
MN956357,Russia
MN956358,Russia
MN956359,Russia
MN956360,Russia
MN956361,Russia
MN956362,Russia
MN956363,Russia
MN956364,Russia
MN956365,Russia
MN956366,Russia
MN956367,Russia
MN956368,Russia
MN956370,Russia
MN956371,Russia
MN956372,Russia
MN956373,Russia
MN956374,Russia
MN961664,China
MT068403,Turkey
MT068404,Turkey
MT068405,Turkey
MT068406,Turkey
MT068296,Turkey
MT068297,Turkey
MT068298,Turkey
MT068299,Turkey
MT068300,Turkey
MT068301,Turkey
MT068302,Turkey
MT068303,Turkey
MT068304,Turkey
MT068305,Turkey
MT068306,Turkey
MT068307,Turkey
MT068308,Turkey
MT068309,Turkey
MT068310,Turkey
MT068311,Turkey
MT068312,Turkey
MT068313,Turkey
MT068314,Turkey
MT068315,Turkey
MT068316,Turkey
MT068317,Turkey
MT068318,Turkey
MT068319,Turkey
MT068320,Turkey
MT068321,Turkey
MT068322,Turkey
MT068323,Turkey
MT068324,Turkey
MT068325,Turkey
MT068326,Turkey
MT068327,Turkey
MT068328,Turkey
MT068329,Turkey
MT068330,Turkey
MT068331,Turkey
MT068332,Turkey
MT068333,Turkey
MT068334,Turkey
MT068335,Turkey
MT068336,Turkey
MT068337,Turkey
MT068338,Turkey
MT068339,Turkey
MT068340,Turkey
MT068341,Turkey
MT068342,Turkey
MT068343,Turkey
MT068344,Turkey
MT068345,Turkey
MT068346,Turkey
MT068347,Turkey
MT068348,Turkey
MT068349,Turkey
MT068350,Turkey
MT068351,Turkey
MT068352,Turkey
MT068353,Turkey
MT068354,Turkey
MT068355,Turkey
MT068356,Turkey
MT068357,Turkey
MT068358,Turkey
MT068359,Turkey
MT068360,Turkey
MT068361,Turkey
MT068362,Turkey
MT068363,Turkey
MT068364,Turkey
MT068365,Turkey
MT068366,Turkey
MT068367,Turkey
MT068368,Turkey
MT068369,Turkey
MT068370,Turkey
MT068371,Turkey
MT068372,Turkey
MT068373,Turkey
MT068374,Turkey
MT068375,Turkey
MT068376,Turkey
MT068377,Turkey
MT068378,Turkey
MT068379,Turkey
MT068380,Turkey
MT068381,Turkey
MT068382,Turkey
MT068383,Turkey
MT068384,Turkey
MT068385,Turkey
MT068386,Turkey
MT068387,Turkey
MT068388,Turkey
MT068389,Turkey
MT068390,Turkey
MT068391,Turkey
MT068392,Turkey
MT068393,Turkey
MT068394,Turkey
MT068395,Turkey
MT068396,Turkey
MT068397,Turkey
MT068398,Turkey
MT068399,Turkey
MT068400,Turkey
MT068401,Turkey
MT068402,Turkey
MT068407,Turkey
MT068408,Turkey
MT068409,Turkey
MT068410,Turkey
MT068411,Turkey
MT068412,Turkey
MT068413,Turkey
MT068414,Turkey
MT068415,Turkey
MT068416,Turkey
MT068417,Turkey
MT068418,Turkey
MT068419,Turkey
MT134461,Russia
MT134462,Russia
MT134463,Russia
MT134464,Russia
MT134465,Russia
MT177230,Canada
MT177231,Canada
MT177232,Canada
MT177233,Canada
MT177234,Canada
MT177235,Canada
MT177236,Canada
MT177237,Canada
MT177238,Canada
MT177239,Canada
MT177240,Canada
MT177241,Canada
MT177242,Canada
MT177243,Canada
MT177244,Canada
MT177245,Canada
MT177246,Canada
MT177247,Canada
MT177248,Canada
MT177249,Canada
MT177250,Canada
MT177251,Canada
MT177252,Canada
MT177253,Canada
MT177254,Canada
MT177255,Canada
MT177256,Canada
MT177257,Canada
MT177259,Canada
MT177260,Canada
MT180476,China
MT367900,Indonesia
MT380166,Turkey: Erzincan
MT380167,Turkey: Erzincan
MT380168,Turkey: Erzincan
MT380169,Turkey: Erzincan
MT380170,Turkey: Erzincan
MT380171,Turkey: Erzincan
MT380172,Turkey: Erzincan
MT460102,Kyrgyzstan
MT460103,Kyrgyzstan
MT460104,Kyrgyzstan
MT523021,Mauritius
MT534518,Russia
MT568768,Turkey
MT672318,USA
MT815908,Italy
MT874896,USA: Nebraska
MT874897,USA: Nebraska
MT874898,USA: Nebraska
MW004170,Turkey
MW004171,Turkey
MW004172,Turkey
MW004173,Turkey
MW004174,Turkey
MW004175,Turkey
MW004176,Turkey
MW004177,Turkey
MW004178,Turkey
MW004179,Turkey
MW004180,Turkey
MW004181,Turkey
MW004182,Turkey
MW004183,Turkey
MW004184,Turkey
MW004185,Turkey
MW004186,Turkey
MW004187,Turkey
MW004188,Turkey
MW004189,Turkey
MW004190,Turkey
MW004191,Turkey
MW004192,Turkey
MW004193,Turkey
MW004194,Turkey
MW004195,Turkey
MW004196,Turkey
MW004197,Turkey
MW004198,Turkey
MW004199,Turkey
MW004200,Turkey
MW004201,Turkey
MW004202,Turkey
MW004203,Turkey
MW004204,Turkey
MW004205,Turkey
MW004206,Turkey
MW004207,Turkey
MW004208,Turkey
MW004209,Turkey
MW004210,Turkey
MW004211,Turkey
MW004212,Turkey
MW004213,Turkey
MW004214,Turkey
MW004215,Turkey
MW004216,Turkey
MW004217,Turkey
MW004218,Turkey
MW004219,Turkey
MW004220,Turkey
MW004221,Turkey
MW004222,Turkey
MW004223,Turkey
MW004224,Turkey
MW004225,Turkey
MW004226,Turkey
MW004227,Turkey
MW004228,Turkey
MW004229,Turkey
MW004230,Turkey
MW004231,Turkey
MW004232,Turkey
MW004233,Turkey
MW004234,Turkey
MW004235,Turkey
MW004236,Turkey
MW004237,Turkey
MW004238,Turkey
MW004239,Turkey
MW004240,Turkey
MW004241,Turkey
MW004242,Turkey
MW004243,Turkey
MW004244,Turkey
MW004245,Turkey
MW004246,Turkey
MW004247,Turkey
MW004248,Turkey
MW004249,Turkey
MW004250,Turkey
MW004251,Turkey
MW004252,Turkey
MW004253,Turkey
MW004254,Turkey
MW004255,Turkey
MW004256,Turkey
MW004257,Turkey
MW004258,Turkey
MW004259,Turkey
MW004260,Turkey
MW004261,Turkey
MW004262,Turkey
MW004263,Turkey
MW004264,Turkey
MW004265,Turkey
MW004266,Turkey
MW004267,Turkey
MW004268,Turkey
MW004269,Turkey
MW004270,Turkey
MW004271,Turkey
MW004272,Turkey
MW004273,Turkey
MW004274,Turkey
MW004275,Turkey
MW004276,Turkey
MW004277,Turkey
MW004278,Turkey
MW004279,Turkey
MW004280,Turkey
MW004281,Turkey
MW004282,Turkey
MW004283,Turkey
MW004284,Turkey
MW004285,Turkey
MW004286,Turkey
MW004287,Turkey
MW004288,Turkey
MW004289,Turkey
MW004290,Turkey
MW004291,Turkey
MW004292,Turkey
MW004293,Turkey
MW004294,Turkey
MW004295,Turkey
MW004296,Turkey
MW004297,Turkey
MW004298,Turkey
MW004299,Turkey
MW004300,Turkey
MW004302,Turkey
MW004303,Turkey
MW004304,Turkey
MW004305,Turkey
MW004306,Turkey
MW004307,Turkey
MW004308,Turkey
MW004309,Turkey
MW004310,Turkey
MW004311,Turkey
MW004312,Turkey
MW004313,Turkey
MW004314,Turkey
MW004315,Turkey
MW004316,Turkey
MW004317,Turkey
MW004318,Turkey
MW004319,Turkey
MW004320,Turkey
MW004321,Turkey
MW004322,Turkey
MW004323,Turkey
MW004324,Turkey
MW004325,Turkey
MW004326,Turkey
MW004327,Turkey
MW004328,Turkey
MW004329,Turkey
MW004330,Turkey
MW036291,China
MW287749,Russia
MW287750,Russia
MW287752,Russia
MW369685,Italy
MW397194,China
MW435316,Russia
MW435317,Russia
MW435318,Russia
MW435319,Russia
MW435320,Russia
MW435321,Russia
MW435322,Russia
MW522910,USA
MW522911,USA
MW560551,USA
MW898143,Kazakhstan
MW898144,Kazakhstan
MW898145,Kazakhstan
MW898146,Kazakhstan
MW999148,Sweden: Eastern Scania
MW999149,Sweden: Eastern Scania
MW999150,Sweden: Eastern Scania
MW999151,Sweden: Gotland
MW999152,Sweden: Gotland
MW999153,Sweden: Gotland
MW999154,Sweden: Western Scania
MW999155,Sweden: Eastern Scania
MW999156,Sweden: Eastern Scania
MW999157,Sweden: Eastern Scania
MW999158,Sweden: Eastern Scania
MW999159,Sweden: Eastern Scania
MW999160,Sweden: Eastern Scania
MW999161,Sweden: Eastern Scania
MW999162,Sweden: Eastern Scania
MW999163,Sweden: Eastern Scania
MW999164,Sweden: Eastern Scania
MW999165,Sweden: Eastern Scania
MW999166,Sweden: Eastern Scania
MW999167,Sweden: Eastern Scania
MW999168,Sweden: Eastern Scania
MW999169,Sweden: Eastern Scania
MW999170,Sweden: Eastern Scania
MW999171,Sweden: Eastern Scania
MW999172,Sweden: Eastern Scania
MW999173,Sweden: Eastern Scania
MW999175,Sweden: Gotland
MW999177,Sweden: Eastern Scania
MW999180,Sweden: Eastern Scania
MW999183,Sweden: Eastern Scania
MW999184,Sweden: Eastern Scania
MW999185,Sweden: Gotland
MW999189,Sweden: Dalarna
MW999190,Sweden: Western Scania
MW999191,Sweden: Vaestergoetland
MW999192,Sweden: Western Scania
MW999193,Sweden: Halland
MW999194,Sweden: Halland
MW999195,Sweden: Eastern Scania
MW999196,Sweden: Gotland
MW999197,Sweden: Eastern Scania
MW999198,Sweden: Gotland
MW999199,Sweden: Western Scania
MW999200,Sweden: Eastern Scania
MW999201,Sweden: Gotland
MW999203,Sweden: Eastern Scania
MW999205,Sweden: Western Scania
MZ158298,Bangladesh
MZ158299,Bangladesh
MZ267234,Egypt: El-Beheira
MZ267689,Egypt: Al-Sharqiya
MZ274468,Mexico
MZ274469,Mexico
MZ373271,Italy
MZ683160,Mexico
MZ683161,Mexico
MZ754360,Turkey
MZ754362,Turkey
MZ754363,Turkey
MZ754364,Turkey
MZ754365,Turkey
MZ754367,Turkey
MZ754368,Turkey
MZ754369,Turkey
MZ754371,Turkey
MZ754372,Turkey
MZ754374,Turkey
MZ754375,Turkey
MZ754376,Turkey
MZ754377,Turkey
MZ754378,Turkey
MZ754379,Turkey
MZ754380,Turkey
MZ754382,Turkey
MZ754384,Turkey
MZ754385,Turkey
MZ754386,Turkey
MZ754387,Turkey
MZ754390,Turkey
MZ754393,Turkey
MZ754397,Turkey
MZ754398,Turkey
MZ754399,Turkey
MZ754400,Turkey
MZ754402,Turkey
MZ754403,Turkey
MZ754404,Turkey
MZ754406,Turkey
MZ798228,China
MZ854089,Morocco
OK185035,USA: Arkansas
OK185036,USA: Arkansas
OK185037,USA: Texas
OK185038,USA: Texas
OK185039,USA: Texas
OK185040,USA: Texas
OK185041,USA: Texas
OK185042,USA: Arkansas
OK185043,USA: Arkansas
OK185044,USA: Arkansas
OK185045,USA: Arkansas
OK185046,USA: Arkansas
OK185047,USA: Missouri
OK185048,USA: Missouri
OK185049,USA: Missouri
OK185050,USA: Mississippi
OK275407,Egypt
OL471753,USA
OL471754,USA
OL471755,USA
OL471756,USA
OL471757,USA
OL471758,USA
OL471759,USA
OL471760,USA
OL471761,USA
OL471762,USA
OL471763,USA
OL471764,USA
OL471765,USA
OM085670,Kyrgyzstan
OM085671,Kyrgyzstan
OM095383,China
OM095384,China
OM095385,China
OM095386,China
OM095387,China
OM095388,China
OM868041,Iran
ON063290,Sri Lanka
ON427945,Morocco
ON553688,Bangladesh
ON553689,Bangladesh
ON873900,Turkey: Erzincan
ON873901,Turkey: Erzincan
ON873902,Turkey: Erzincan
ON873903,Turkey: Erzincan
ON873904,Turkey: Erzincan
ON873905,Turkey: Erzincan
ON873906,Turkey: Erzincan
ON873907,Turkey: Erzincan
ON873908,Turkey: Erzincan
ON873909,Turkey: Erzincan
ON873910,Turkey: Erzincan
ON873911,Turkey: Erzincan
ON873912,Turkey: Erzincan
ON873913,Turkey: Erzincan
ON873914,Turkey: Erzincan
ON873915,Turkey: Erzincan
ON873916,Turkey: Erzincan
ON873917,Turkey: Erzincan
ON873920,Turkey: Erzincan
ON873921,Turkey: Erzincan
ON873922,Turkey: Erzincan
ON873923,Turkey: Erzincan
ON873924,Turkey: Erzincan
ON873925,Turkey: Erzincan
ON873926,Turkey: Erzincan
ON873927,Turkey: Erzincan
ON873928,Turkey: Erzincan
ON873929,Turkey: Erzincan
ON873930,Turkey: Erzincan
ON873931,Turkey: Erzincan
ON873932,Turkey: Erzincan
ON873933,Turkey: Erzincan
ON873934,Turkey: Erzincan
ON873935,Turkey: Erzincan
MW717918,Saudi Arabia
MW717919,Saudi Arabia
OP412773,India
OP601638,Poland
OQ410434,Saudi Arabia
OQ410435,Saudi Arabia
OQ410436,Saudi Arabia
MW999174,Sweden: Western Scania
MW999176,Sweden: Eastern Scania
MW999178,Sweden: Eastern Scania
MW999179,Sweden: Eastern Scania
MW999181,Sweden: Eastern Scania
MW999182,Sweden: Eastern Scania
MW999202,Sweden: Western Scania
